County,State,Group Population,No Health INS,Share No Health INS
Harris County,Texas,309303,46148,14.92
Queens County,New York,590639,82205,13.92
Clark County,Nevada,202925,23422,11.54
Fairfax County,Virginia,214770,23739,11.05
Los Angeles County,California,1454553,145863,10.03
Cook County,Illinois,365380,36481,9.98
Collin County,Texas,123958,10933,8.82
Orange County,California,619640,47896,7.73
King County,Washington,349500,22739,6.51
Alameda County,California,470176,22526,4.79
Santa Clara County,California,670212,29153,4.35
Abbeville County,South Carolina,,,
Acadia Parish,Louisiana,,,
Accomack County,Virginia,229,,
Ada County,Idaho,11272,,
Adair County,Iowa,,,
Adair County,Kentucky,,,
Adair County,Missouri,619,,
Adair County,Oklahoma,138,,
Adams County,Colorado,19056,,
Adams County,Idaho,,,
Adams County,Illinois,511,,
Adams County,Indiana,132,,
Adams County,Iowa,,,
Adams County,Mississippi,,,
Adams County,Nebraska,440,,
Adams County,North Dakota,62,,
Adams County,Ohio,,,
Adams County,Pennsylvania,727,,
Adams County,Washington,,,
Adams County,Wisconsin,108,,
Addison County,Vermont,711,,
Adjuntas Municipio,Puerto Rico,,,
Aguada Municipio,Puerto Rico,,,
Aguadilla Municipio,Puerto Rico,,,
Aguas Buenas Municipio,Puerto Rico,,,
Aibonito Municipio,Puerto Rico,,,
Aiken County,South Carolina,1690,,
Aitkin County,Minnesota,,,
Alachua County,Florida,15273,,
Alamance County,North Carolina,2378,,
Alamosa County,Colorado,,,
Albany County,New York,19777,,
Albany County,Wyoming,1126,,
Albemarle County,Virginia,5202,,
Alcona County,Michigan,44,,
Alcorn County,Mississippi,,,
Aleutians East Borough,Alaska,874,,
Aleutians West Census Area,Alaska,2211,,
Alexander County,Illinois,,,
Alexander County,North Carolina,428,,
Alexandria city,Virginia,9434,,
Alfalfa County,Oklahoma,,,
Alger County,Michigan,,,
Allamakee County,Iowa,,,
Allegan County,Michigan,,,
Allegany County,Maryland,579,,
Allegany County,New York,549,,
Alleghany County,North Carolina,,,
Alleghany County,Virginia,,,
Allegheny County,Pennsylvania,43433,,
Allen County,Indiana,12884,,
Allen County,Kansas,,,
Allen County,Kentucky,,,
Allen County,Ohio,751,,
Allen Parish,Louisiana,,,
Allendale County,South Carolina,,,
Alpena County,Michigan,,,
Alpine County,California,,,
Amador County,California,499,,
Amelia County,Virginia,,,
Amherst County,Virginia,171,,
Amite County,Mississippi,,,
Añasco Municipio,Puerto Rico,,,
Anchorage Municipality,Alaska,27420,,
Anderson County,Kansas,,,
Anderson County,Kentucky,,,
Anderson County,South Carolina,1747,,
Anderson County,Tennessee,1043,,
Anderson County,Texas,,,
Andrew County,Missouri,,,
Andrews County,Texas,,,
Androscoggin County,Maine,896,,
Angelina County,Texas,933,,
Anne Arundel County,Maryland,20111,,
Anoka County,Minnesota,14626,,
Anson County,North Carolina,271,,
Antelope County,Nebraska,,,
Antrim County,Michigan,72,,
Apache County,Arizona,,,
Appanoose County,Iowa,,,
Appling County,Georgia,,,
Appomattox County,Virginia,,,
Aransas County,Texas,500,,
Arapahoe County,Colorado,35785,,
Archer County,Texas,,,
Archuleta County,Colorado,,,
Arecibo Municipio,Puerto Rico,,,
Arenac County,Michigan,59,,
Arkansas County,Arkansas,,,
Arlington County,Virginia,23427,,
Armstrong County,Pennsylvania,160,,
Armstrong County,Texas,,,
Aroostook County,Maine,271,,
Arroyo Municipio,Puerto Rico,,,
Arthur County,Nebraska,,,
Ascension Parish,Louisiana,1072,,
Ashe County,North Carolina,,,
Ashland County,Ohio,,,
Ashland County,Wisconsin,,,
Ashley County,Arkansas,,,
Ashtabula County,Ohio,476,,
Asotin County,Washington,205,,
Assumption Parish,Louisiana,,,
Atascosa County,Texas,,,
Atchison County,Kansas,,,
Atchison County,Missouri,,,
Athens County,Ohio,1875,,
Atkinson County,Georgia,,,
Atlantic County,New Jersey,22843,,
Atoka County,Oklahoma,,,
Attala County,Mississippi,,,
Audrain County,Missouri,,,
Audubon County,Iowa,,,
Auglaize County,Ohio,,,
Augusta County,Virginia,,,
Aurora County,South Dakota,,,
Austin County,Texas,,,
Autauga County,Alabama,,,
Avery County,North Carolina,,,
Avoyelles Parish,Louisiana,,,
Baca County,Colorado,,,
Bacon County,Georgia,,,
Bailey County,Texas,,,
Baker County,Florida,200,,
Baker County,Georgia,,,
Baker County,Oregon,,,
Baldwin County,Alabama,,,
Baldwin County,Georgia,687,,
Ballard County,Kentucky,,,
Baltimore city,Maryland,15802,,
Baltimore County,Maryland,48987,,
Bamberg County,South Carolina,,,
Bandera County,Texas,,,
Banks County,Georgia,228,,
Banner County,Nebraska,,,
Bannock County,Idaho,1138,,
Baraga County,Michigan,42,,
Barber County,Kansas,,,
Barbour County,Alabama,,,
Barbour County,West Virginia,,,
Barceloneta Municipio,Puerto Rico,,,
Barnes County,North Dakota,,,
Barnstable County,Massachusetts,3155,,
Barnwell County,South Carolina,,,
Barranquitas Municipio,Puerto Rico,,,
Barren County,Kentucky,,,
Barron County,Wisconsin,326,,
Barrow County,Georgia,2679,,
Barry County,Michigan,310,,
Barry County,Missouri,536,,
Bartholomew County,Indiana,5037,,
Barton County,Kansas,,,
Barton County,Missouri,,,
Bartow County,Georgia,962,,
Bastrop County,Texas,685,,
Bates County,Missouri,,,
Bath County,Kentucky,,,
Bath County,Virginia,,,
Baxter County,Arkansas,,,
Bay County,Florida,4145,,
Bay County,Michigan,597,,
Bayamón Municipio,Puerto Rico,,,
Bayfield County,Wisconsin,81,,
Baylor County,Texas,,,
Beadle County,South Dakota,1687,,
Bear Lake County,Idaho,40,,
Beaufort County,North Carolina,,,
Beaufort County,South Carolina,1975,,
Beauregard Parish,Louisiana,,,
Beaver County,Oklahoma,,,
Beaver County,Pennsylvania,793,,
Beaver County,Utah,,,
Beaverhead County,Montana,,,
Becker County,Minnesota,184,,
Beckham County,Oklahoma,,,
Bedford County,Pennsylvania,,,
Bedford County,Tennessee,,,
Bedford County,Virginia,1026,,
Bee County,Texas,,,
Belknap County,New Hampshire,579,,
Bell County,Kentucky,,,
Bell County,Texas,9196,,
Belmont County,Ohio,,,
Beltrami County,Minnesota,375,,
Ben Hill County,Georgia,,,
Benewah County,Idaho,,,
Bennett County,South Dakota,,,
Bennington County,Vermont,,,
Benson County,North Dakota,,,
Bent County,Colorado,,,
Benton County,Arkansas,9299,,
Benton County,Indiana,,,
Benton County,Iowa,,,
Benton County,Minnesota,,,
Benton County,Mississippi,,,
Benton County,Missouri,,,
Benton County,Oregon,5825,,
Benton County,Tennessee,,,
Benton County,Washington,4838,,
Benzie County,Michigan,77,,
Bergen County,New Jersey,152207,,
Berkeley County,South Carolina,4568,,
Berkeley County,West Virginia,1211,,
Berks County,Pennsylvania,5787,,
Berkshire County,Massachusetts,2082,,
Bernalillo County,New Mexico,16573,,
Berrien County,Georgia,184,,
Berrien County,Michigan,3050,,
Bertie County,North Carolina,,,
Bethel Census Area,Alaska,165,,
Bexar County,Texas,50564,,
Bibb County,Alabama,,,
Bibb County,Georgia,2931,,
Bienville Parish,Louisiana,,,
Big Horn County,Montana,,,
Big Horn County,Wyoming,,,
Big Stone County,Minnesota,,,
Billings County,North Dakota,,,
Bingham County,Idaho,,,
Black Hawk County,Iowa,2712,,
Blackford County,Indiana,,,
Bladen County,North Carolina,,,
Blaine County,Idaho,,,
Blaine County,Montana,,,
Blaine County,Nebraska,,,
Blaine County,Oklahoma,,,
Blair County,Pennsylvania,872,,
Blanco County,Texas,,,
Bland County,Virginia,,,
Bleckley County,Georgia,,,
Bledsoe County,Tennessee,,,
Blount County,Alabama,,,
Blount County,Tennessee,868,,
Blue Earth County,Minnesota,1402,,
Boise County,Idaho,,,
Bolivar County,Mississippi,309,,
Bollinger County,Missouri,,,
Bon Homme County,South Dakota,,,
Bond County,Illinois,,,
Bonner County,Idaho,,,
Bonneville County,Idaho,964,,
Boone County,Arkansas,,,
Boone County,Illinois,638,,
Boone County,Indiana,1618,,
Boone County,Iowa,,,
Boone County,Kentucky,2927,,
Boone County,Missouri,7419,,
Boone County,Nebraska,,,
Boone County,West Virginia,,,
Borden County,Texas,,,
Bosque County,Texas,,,
Bossier Parish,Louisiana,1774,,
Botetourt County,Virginia,283,,
Bottineau County,North Dakota,,,
Boulder County,Colorado,14279,,
Boundary County,Idaho,,,
Bourbon County,Kansas,,,
Bourbon County,Kentucky,,,
Bowie County,Texas,845,,
Bowman County,North Dakota,,,
Box Butte County,Nebraska,,,
Box Elder County,Utah,417,,
Boyd County,Kentucky,,,
Boyd County,Nebraska,,,
Boyle County,Kentucky,233,,
Bracken County,Kentucky,,,
Bradford County,Florida,,,
Bradford County,Pennsylvania,362,,
Bradley County,Arkansas,,,
Bradley County,Tennessee,1180,,
Branch County,Michigan,,,
Brantley County,Georgia,,,
Braxton County,West Virginia,,,
Brazoria County,Texas,21534,,
Brazos County,Texas,12918,,
Breathitt County,Kentucky,,,
Breckinridge County,Kentucky,,,
Bremer County,Iowa,274,,
Brevard County,Florida,13785,,
Brewster County,Texas,,,
Briscoe County,Texas,,,
Bristol Bay Borough,Alaska,,,
Bristol city,Virginia,,,
Bristol County,Massachusetts,12220,,
Bristol County,Rhode Island,1016,,
Broadwater County,Montana,,,
Bronx County,New York,53074,,
Brooke County,West Virginia,,,
Brookings County,South Dakota,982,,
Brooks County,Georgia,,,
Brooks County,Texas,,,
Broome County,New York,8314,,
Broomfield County,Colorado,4163,,
Broward County,Florida,67693,,
Brown County,Illinois,,,
Brown County,Indiana,,,
Brown County,Kansas,57,,
Brown County,Minnesota,,,
Brown County,Nebraska,,,
Brown County,Ohio,,,
Brown County,South Dakota,988,,
Brown County,Texas,250,,
Brown County,Wisconsin,7915,,
Brule County,South Dakota,,,
Brunswick County,North Carolina,779,,
Brunswick County,Virginia,,,
Bryan County,Georgia,,,
Bryan County,Oklahoma,214,,
Buchanan County,Iowa,,,
Buchanan County,Missouri,878,,
Buchanan County,Virginia,104,,
Buckingham County,Virginia,,,
Bucks County,Pennsylvania,28721,,
Buena Vista city,Virginia,,,
Buena Vista County,Iowa,1849,,
Buffalo County,Nebraska,623,,
Buffalo County,South Dakota,,,
Buffalo County,Wisconsin,,,
Bullitt County,Kentucky,517,,
Bulloch County,Georgia,1081,,
Bullock County,Alabama,,,
Buncombe County,North Carolina,3152,,
Bureau County,Illinois,256,,
Burke County,Georgia,,,
Burke County,North Carolina,3227,,
Burke County,North Dakota,,,
Burleigh County,North Dakota,689,,
Burleson County,Texas,,,
Burlington County,New Jersey,21537,,
Burnet County,Texas,328,,
Burnett County,Wisconsin,,,
Burt County,Nebraska,,,
Butler County,Alabama,224,,
Butler County,Iowa,,,
Butler County,Kansas,749,,
Butler County,Kentucky,,,
Butler County,Missouri,,,
Butler County,Nebraska,,,
Butler County,Ohio,10840,,
Butler County,Pennsylvania,2142,,
Butte County,California,10086,,
Butte County,Idaho,,,
Butte County,South Dakota,,,
Butts County,Georgia,131,,
Cabarrus County,North Carolina,6021,,
Cabell County,West Virginia,1213,,
Cabo Rojo Municipio,Puerto Rico,,,
Cache County,Utah,2539,,
Caddo County,Oklahoma,,,
Caddo Parish,Louisiana,3043,,
Caguas Municipio,Puerto Rico,,,
Calaveras County,California,527,,
Calcasieu Parish,Louisiana,2697,,
Caldwell County,Kentucky,,,
Caldwell County,Missouri,,,
Caldwell County,North Carolina,505,,
Caldwell County,Texas,412,,
Caldwell Parish,Louisiana,,,
Caledonia County,Vermont,,,
Calhoun County,Alabama,1149,,
Calhoun County,Arkansas,,,
Calhoun County,Florida,115,,
Calhoun County,Georgia,,,
Calhoun County,Illinois,,,
Calhoun County,Iowa,,,
Calhoun County,Michigan,2830,,
Calhoun County,Mississippi,,,
Calhoun County,South Carolina,,,
Calhoun County,Texas,1103,,
Calhoun County,West Virginia,,,
Callahan County,Texas,,,
Callaway County,Missouri,321,,
Calloway County,Kentucky,707,,
Calumet County,Wisconsin,1140,,
Calvert County,Maryland,1493,,
Camas County,Idaho,,,
Cambria County,Pennsylvania,675,,
Camden County,Georgia,693,,
Camden County,Missouri,,,
Camden County,New Jersey,29455,,
Camden County,North Carolina,,,
Cameron County,Pennsylvania,,,
Cameron County,Texas,2795,,
Cameron Parish,Louisiana,,,
Camp County,Texas,,,
Campbell County,Kentucky,876,,
Campbell County,South Dakota,,,
Campbell County,Tennessee,154,,
Campbell County,Virginia,490,,
Campbell County,Wyoming,,,
Camuy Municipio,Puerto Rico,,,
Canadian County,Oklahoma,4194,,
Candler County,Georgia,,,
Cannon County,Tennessee,,,
Canóvanas Municipio,Puerto Rico,,,
Canyon County,Idaho,1746,,
Cape Girardeau County,Missouri,1104,,
Cape May County,New Jersey,891,,
Carbon County,Montana,,,
Carbon County,Pennsylvania,,,
Carbon County,Utah,,,
Carbon County,Wyoming,,,
Caribou County,Idaho,,,
Carlisle County,Kentucky,,,
Carlton County,Minnesota,,,
Carolina Municipio,Puerto Rico,,,
Caroline County,Maryland,,,
Caroline County,Virginia,,,
Carroll County,Arkansas,287,,
Carroll County,Georgia,875,,
Carroll County,Illinois,102,,
Carroll County,Indiana,,,
Carroll County,Iowa,,,
Carroll County,Kentucky,,,
Carroll County,Maryland,2758,,
Carroll County,Mississippi,,,
Carroll County,Missouri,,,
Carroll County,New Hampshire,,,
Carroll County,Ohio,,,
Carroll County,Tennessee,92,,
Carroll County,Virginia,,,
Carson City,Nevada,1313,,
Carson County,Texas,,,
Carter County,Kentucky,,,
Carter County,Missouri,,,
Carter County,Montana,,,
Carter County,Oklahoma,536,,
Carter County,Tennessee,,,
Carteret County,North Carolina,752,,
Carver County,Minnesota,2544,,
Cascade County,Montana,679,,
Casey County,Kentucky,,,
Cass County,Illinois,,,
Cass County,Indiana,600,,
Cass County,Iowa,,,
Cass County,Michigan,414,,
Cass County,Minnesota,177,,
Cass County,Missouri,837,,
Cass County,Nebraska,,,
Cass County,North Dakota,4995,,
Cass County,Texas,,,
Cassia County,Idaho,,,
Castro County,Texas,,,
Caswell County,North Carolina,130,,
Catahoula Parish,Louisiana,,,
Cataño Municipio,Puerto Rico,,,
Catawba County,North Carolina,6413,,
Catoosa County,Georgia,927,,
Catron County,New Mexico,,,
Cattaraugus County,New York,688,,
Cavalier County,North Dakota,,,
Cayey Municipio,Puerto Rico,,,
Cayuga County,New York,374,,
Cecil County,Maryland,1505,,
Cedar County,Iowa,,,
Cedar County,Missouri,,,
Cedar County,Nebraska,,,
Ceiba Municipio,Puerto Rico,,,
Centre County,Pennsylvania,9655,,
Cerro Gordo County,Iowa,487,,
Chaffee County,Colorado,,,
Chambers County,Alabama,339,,
Chambers County,Texas,499,,
Champaign County,Illinois,21481,,
Champaign County,Ohio,,,
Chariton County,Missouri,,,
Charles City County,Virginia,67,,
Charles County,Maryland,4898,,
Charles Mix County,South Dakota,,,
Charleston County,South Carolina,5145,,
Charlevoix County,Michigan,,,
Charlotte County,Florida,2044,,
Charlotte County,Virginia,,,
Charlottesville city,Virginia,3358,,
Charlton County,Georgia,,,
Chase County,Kansas,,,
Chase County,Nebraska,,,
Chatham County,Georgia,7103,,
Chatham County,North Carolina,989,,
Chattahoochee County,Georgia,,,
Chattooga County,Georgia,,,
Chautauqua County,Kansas,,,
Chautauqua County,New York,770,,
Chaves County,New Mexico,,,
Cheatham County,Tennessee,,,
Cheboygan County,Michigan,,,
Chelan County,Washington,,,
Chemung County,New York,1379,,
Chenango County,New York,,,
Cherokee County,Alabama,,,
Cherokee County,Georgia,4419,,
Cherokee County,Iowa,,,
Cherokee County,Kansas,,,
Cherokee County,North Carolina,195,,
Cherokee County,Oklahoma,336,,
Cherokee County,South Carolina,356,,
Cherokee County,Texas,314,,
Cherry County,Nebraska,,,
Chesapeake city,Virginia,7394,,
Cheshire County,New Hampshire,964,,
Chester County,Pennsylvania,25041,,
Chester County,South Carolina,,,
Chester County,Tennessee,,,
Chesterfield County,South Carolina,,,
Chesterfield County,Virginia,11625,,
Cheyenne County,Colorado,,,
Cheyenne County,Kansas,,,
Cheyenne County,Nebraska,,,
Chickasaw County,Iowa,,,
Chickasaw County,Mississippi,,,
Chicot County,Arkansas,,,
Childress County,Texas,,,
Chilton County,Alabama,,,
Chippewa County,Michigan,337,,
Chippewa County,Minnesota,,,
Chippewa County,Wisconsin,811,,
Chisago County,Minnesota,470,,
Chittenden County,Vermont,6136,,
Choctaw County,Alabama,,,
Choctaw County,Mississippi,,,
Choctaw County,Oklahoma,,,
Chouteau County,Montana,,,
Chowan County,North Carolina,,,
Christian County,Illinois,,,
Christian County,Kentucky,787,,
Christian County,Missouri,,,
Churchill County,Nevada,579,,
Ciales Municipio,Puerto Rico,,,
Cibola County,New Mexico,,,
Cidra Municipio,Puerto Rico,,,
Cimarron County,Oklahoma,,,
Citrus County,Florida,2347,,
Clackamas County,Oregon,16451,,
Claiborne County,Mississippi,,,
Claiborne County,Tennessee,194,,
Claiborne Parish,Louisiana,,,
Clallam County,Washington,1041,,
Clare County,Michigan,105,,
Clarendon County,South Carolina,,,
Clarion County,Pennsylvania,207,,
Clark County,Arkansas,157,,
Clark County,Idaho,,,
Clark County,Illinois,,,
Clark County,Indiana,,,
Clark County,Kansas,,,
Clark County,Kentucky,,,
Clark County,Missouri,,,
Clark County,Ohio,858,,
Clark County,South Dakota,,,
Clark County,Washington,20623,,
Clark County,Wisconsin,,,
Clarke County,Alabama,,,
Clarke County,Georgia,5276,,
Clarke County,Iowa,,,
Clarke County,Mississippi,,,
Clarke County,Virginia,149,,
Clatsop County,Oregon,,,
Clay County,Alabama,,,
Clay County,Arkansas,,,
Clay County,Florida,6076,,
Clay County,Georgia,,,
Clay County,Illinois,,,
Clay County,Indiana,,,
Clay County,Iowa,,,
Clay County,Kansas,,,
Clay County,Kentucky,,,
Clay County,Minnesota,693,,
Clay County,Mississippi,,,
Clay County,Missouri,5300,,
Clay County,Nebraska,,,
Clay County,North Carolina,,,
Clay County,South Dakota,342,,
Clay County,Tennessee,,,
Clay County,Texas,,,
Clay County,West Virginia,,,
Clayton County,Georgia,14427,,
Clayton County,Iowa,79,,
Clear Creek County,Colorado,,,
Clearfield County,Pennsylvania,344,,
Clearwater County,Idaho,,,
Clearwater County,Minnesota,39,,
Cleburne County,Alabama,,,
Cleburne County,Arkansas,,,
Clermont County,Ohio,2327,,
Cleveland County,Arkansas,,,
Cleveland County,North Carolina,939,,
Cleveland County,Oklahoma,12041,,
Clinch County,Georgia,,,
Clinton County,Illinois,222,,
Clinton County,Indiana,,,
Clinton County,Iowa,333,,
Clinton County,Kentucky,,,
Clinton County,Michigan,1208,,
Clinton County,Missouri,,,
Clinton County,New York,1214,,
Clinton County,Ohio,,,
Clinton County,Pennsylvania,277,,
Cloud County,Kansas,,,
Coahoma County,Mississippi,132,,
Coal County,Oklahoma,,,
Coamo Municipio,Puerto Rico,,,
Cobb County,Georgia,37883,,
Cochise County,Arizona,2078,,
Cochran County,Texas,,,
Cocke County,Tennessee,,,
Coconino County,Arizona,2589,,
Codington County,South Dakota,,,
Coffee County,Alabama,654,,
Coffee County,Georgia,,,
Coffee County,Tennessee,502,,
Coffey County,Kansas,,,
Coke County,Texas,,,
Colbert County,Alabama,274,,
Cole County,Missouri,1041,,
Coleman County,Texas,,,
Coles County,Illinois,651,,
Colfax County,Nebraska,,,
Colfax County,New Mexico,,,
Colleton County,South Carolina,,,
Collier County,Florida,4552,,
Collingsworth County,Texas,,,
Colonial Heights city,Virginia,675,,
Colorado County,Texas,,,
Colquitt County,Georgia,386,,
Columbia County,Arkansas,264,,
Columbia County,Florida,631,,
Columbia County,Georgia,5738,,
Columbia County,New York,1063,,
Columbia County,Oregon,588,,
Columbia County,Pennsylvania,771,,
Columbia County,Washington,,,
Columbia County,Wisconsin,360,,
Columbiana County,Ohio,,,
Columbus County,North Carolina,,,
Colusa County,California,313,,
Comal County,Texas,1344,,
Comanche County,Kansas,,,
Comanche County,Oklahoma,2573,,
Comanche County,Texas,,,
Comerío Municipio,Puerto Rico,,,
Concho County,Texas,,,
Concordia Parish,Louisiana,,,
Conecuh County,Alabama,,,
Conejos County,Colorado,,,
Contra Costa County,California,179815,,
Converse County,Wyoming,,,
Conway County,Arkansas,,,
Cook County,Georgia,,,
Cook County,Minnesota,,,
Cooke County,Texas,337,,
Cooper County,Missouri,,,
Coos County,New Hampshire,182,,
Coos County,Oregon,689,,
Coosa County,Alabama,,,
Copiah County,Mississippi,,,
Corozal Municipio,Puerto Rico,,,
Corson County,South Dakota,,,
Cortland County,New York,,,
Coryell County,Texas,1033,,
Coshocton County,Ohio,,,
Costilla County,Colorado,54,,
Cottle County,Texas,,,
Cotton County,Oklahoma,,,
Cottonwood County,Minnesota,325,,
Covington city,Virginia,,,
Covington County,Alabama,,,
Covington County,Mississippi,,,
Coweta County,Georgia,2519,,
Cowley County,Kansas,572,,
Cowlitz County,Washington,1333,,
Craig County,Oklahoma,113,,
Craig County,Virginia,,,
Craighead County,Arkansas,1193,,
Crane County,Texas,,,
Craven County,North Carolina,2827,,
Crawford County,Arkansas,1138,,
Crawford County,Georgia,,,
Crawford County,Illinois,,,
Crawford County,Indiana,,,
Crawford County,Iowa,317,,
Crawford County,Kansas,695,,
Crawford County,Michigan,,,
Crawford County,Missouri,,,
Crawford County,Ohio,,,
Crawford County,Pennsylvania,,,
Crawford County,Wisconsin,,,
Creek County,Oklahoma,399,,
Crenshaw County,Alabama,194,,
Crisp County,Georgia,282,,
Crittenden County,Arkansas,322,,
Crittenden County,Kentucky,,,
Crockett County,Tennessee,,,
Crockett County,Texas,,,
Crook County,Oregon,,,
Crook County,Wyoming,,,
Crosby County,Texas,,,
Cross County,Arkansas,,,
Crow Wing County,Minnesota,276,,
Crowley County,Colorado,,,
Culberson County,Texas,,,
Culebra Municipio,Puerto Rico,,,
Cullman County,Alabama,528,,
Culpeper County,Virginia,659,,
Cumberland County,Illinois,,,
Cumberland County,Kentucky,,,
Cumberland County,Maine,6123,,
Cumberland County,New Jersey,2011,,
Cumberland County,North Carolina,7514,,
Cumberland County,Pennsylvania,9710,,
Cumberland County,Tennessee,336,,
Cumberland County,Virginia,,,
Cuming County,Nebraska,,,
Currituck County,North Carolina,,,
Curry County,New Mexico,675,,
Curry County,Oregon,,,
Custer County,Colorado,,,
Custer County,Idaho,,,
Custer County,Montana,,,
Custer County,Nebraska,,,
Custer County,Oklahoma,,,
Custer County,South Dakota,,,
Cuyahoga County,Ohio,35665,,
Dade County,Georgia,,,
Dade County,Missouri,,,
Daggett County,Utah,,,
Dakota County,Minnesota,19553,,
Dakota County,Nebraska,624,,
Dale County,Alabama,,,
Dallam County,Texas,,,
Dallas County,Alabama,183,,
Dallas County,Arkansas,,,
Dallas County,Iowa,3400,,
Dallas County,Missouri,,,
Dallas County,Texas,153022,,
Dane County,Wisconsin,29531,,
Daniels County,Montana,,,
Danville city,Virginia,,,
Dare County,North Carolina,,,
Darke County,Ohio,,,
Darlington County,South Carolina,297,,
Dauphin County,Pennsylvania,10693,,
Davidson County,North Carolina,2415,,
Davidson County,Tennessee,23906,,
Davie County,North Carolina,307,,
Daviess County,Indiana,,,
Daviess County,Kentucky,1277,,
Daviess County,Missouri,,,
Davis County,Iowa,,,
Davis County,Utah,6080,,
Davison County,South Dakota,,,
Dawes County,Nebraska,,,
Dawson County,Georgia,,,
Dawson County,Montana,,,
Dawson County,Nebraska,,,
Dawson County,Texas,112,,
Day County,South Dakota,,,
De Baca County,New Mexico,,,
De Soto Parish,Louisiana,,,
De Witt County,Illinois,,,
Deaf Smith County,Texas,94,,
Dearborn County,Indiana,,,
Decatur County,Georgia,,,
Decatur County,Indiana,419,,
Decatur County,Iowa,,,
Decatur County,Kansas,,,
Decatur County,Tennessee,,,
Deer Lodge County,Montana,,,
Defiance County,Ohio,,,
DeKalb County,Alabama,,,
DeKalb County,Georgia,44478,,
DeKalb County,Illinois,2523,,
DeKalb County,Indiana,,,
DeKalb County,Missouri,,,
DeKalb County,Tennessee,,,
Del Norte County,California,,,
Delaware County,Indiana,1563,,
Delaware County,Iowa,67,,
Delaware County,New York,,,
Delaware County,Ohio,10643,,
Delaware County,Oklahoma,466,,
Delaware County,Pennsylvania,30685,,
Delta County,Colorado,,,
Delta County,Michigan,,,
Delta County,Texas,,,
Denali Borough,Alaska,,,
Dent County,Missouri,,,
Denton County,Texas,61153,,
Denver County,Colorado,24382,,
Des Moines County,Iowa,,,
Deschutes County,Oregon,2025,,
Desha County,Arkansas,,,
DeSoto County,Florida,,,
DeSoto County,Mississippi,2094,,
Deuel County,Nebraska,,,
Deuel County,South Dakota,,,
Dewey County,Oklahoma,,,
Dewey County,South Dakota,,,
DeWitt County,Texas,,,
Dickens County,Texas,,,
Dickenson County,Virginia,,,
Dickey County,North Dakota,,,
Dickinson County,Iowa,,,
Dickinson County,Kansas,,,
Dickinson County,Michigan,147,,
Dickson County,Tennessee,,,
Dillingham Census Area,Alaska,75,,
Dillon County,South Carolina,,,
Dimmit County,Texas,,,
Dinwiddie County,Virginia,,,
District of Columbia,District of Columbia,25438,,
Divide County,North Dakota,,,
Dixie County,Florida,,,
Dixon County,Nebraska,,,
Doddridge County,West Virginia,,,
Dodge County,Georgia,114,,
Dodge County,Minnesota,,,
Dodge County,Nebraska,,,
Dodge County,Wisconsin,,,
Dolores County,Colorado,,,
Doña Ana County,New Mexico,2077,,
Doniphan County,Kansas,,,
Donley County,Texas,,,
Dooly County,Georgia,,,
Door County,Wisconsin,147,,
Dorado Municipio,Puerto Rico,,,
Dorchester County,Maryland,324,,
Dorchester County,South Carolina,2892,,
Dougherty County,Georgia,782,,
Douglas County,Colorado,14134,,
Douglas County,Georgia,2296,,
Douglas County,Illinois,146,,
Douglas County,Kansas,5717,,
Douglas County,Minnesota,,,
Douglas County,Missouri,,,
Douglas County,Nebraska,18849,,
Douglas County,Nevada,708,,
Douglas County,Oregon,1001,,
Douglas County,South Dakota,,,
Douglas County,Washington,318,,
Douglas County,Wisconsin,455,,
Drew County,Arkansas,,,
Dubois County,Indiana,269,,
Dubuque County,Iowa,1192,,
Duchesne County,Utah,97,,
Dukes County,Massachusetts,,,
Dundy County,Nebraska,,,
Dunklin County,Missouri,,,
Dunn County,North Dakota,63,,
Dunn County,Wisconsin,1176,,
DuPage County,Illinois,105601,,
Duplin County,North Carolina,,,
Durham County,North Carolina,14275,,
Dutchess County,New York,10951,,
Duval County,Florida,41970,,
Duval County,Texas,,,
Dyer County,Tennessee,269,,
Eagle County,Colorado,,,
Early County,Georgia,,,
East Baton Rouge Parish,Louisiana,15135,,
East Carroll Parish,Louisiana,,,
East Feliciana Parish,Louisiana,,,
Eastland County,Texas,,,
Eaton County,Michigan,2280,,
Eau Claire County,Wisconsin,3585,,
Echols County,Georgia,,,
Ector County,Texas,1678,,
Eddy County,New Mexico,,,
Eddy County,North Dakota,,,
Edgar County,Illinois,63,,
Edgecombe County,North Carolina,,,
Edgefield County,South Carolina,,,
Edmonson County,Kentucky,,,
Edmunds County,South Dakota,,,
Edwards County,Illinois,,,
Edwards County,Kansas,,,
Edwards County,Texas,,,
Effingham County,Georgia,571,,
Effingham County,Illinois,,,
El Dorado County,California,7750,,
El Paso County,Colorado,17657,,
El Paso County,Texas,8800,,
Elbert County,Colorado,,,
Elbert County,Georgia,,,
Elk County,Kansas,,,
Elk County,Pennsylvania,137,,
Elkhart County,Indiana,2091,,
Elko County,Nevada,,,
Elliott County,Kentucky,,,
Ellis County,Kansas,,,
Ellis County,Oklahoma,,,
Ellis County,Texas,1091,,
Ellsworth County,Kansas,,,
Elmore County,Alabama,,,
Elmore County,Idaho,707,,
Emanuel County,Georgia,,,
Emery County,Utah,63,,
Emmet County,Iowa,,,
Emmet County,Michigan,207,,
Emmons County,North Dakota,,,
Emporia city,Virginia,,,
Erath County,Texas,314,,
Erie County,New York,31873,,
Erie County,Ohio,,,
Erie County,Pennsylvania,4483,,
Escambia County,Alabama,,,
Escambia County,Florida,8668,,
Esmeralda County,Nevada,,,
Essex County,Massachusetts,26534,,
Essex County,New Jersey,41190,,
Essex County,New York,,,
Essex County,Vermont,,,
Essex County,Virginia,,,
Estill County,Kentucky,,,
Etowah County,Alabama,706,,
Eureka County,Nevada,,,
Evangeline Parish,Louisiana,,,
Evans County,Georgia,,,
Fairbanks North Star Borough,Alaska,2807,,
Fairfax city,Virginia,3771,,
Fairfield County,Connecticut,48878,,
Fairfield County,Ohio,2370,,
Fairfield County,South Carolina,,,
Fajardo Municipio,Puerto Rico,,,
Fall River County,South Dakota,,,
Fallon County,Montana,,,
Falls Church city,Virginia,1282,,
Falls County,Texas,,,
Fannin County,Georgia,,,
Fannin County,Texas,225,,
Faribault County,Minnesota,,,
Faulk County,South Dakota,,,
Faulkner County,Arkansas,1545,,
Fauquier County,Virginia,939,,
Fayette County,Alabama,,,
Fayette County,Georgia,4922,,
Fayette County,Illinois,106,,
Fayette County,Indiana,,,
Fayette County,Iowa,184,,
Fayette County,Kentucky,11196,,
Fayette County,Ohio,238,,
Fayette County,Pennsylvania,,,
Fayette County,Tennessee,273,,
Fayette County,Texas,,,
Fayette County,West Virginia,,,
Fentress County,Tennessee,,,
Fergus County,Montana,,,
Ferry County,Washington,,,
Fillmore County,Minnesota,,,
Fillmore County,Nebraska,,,
Finney County,Kansas,1456,,
Fisher County,Texas,,,
Flagler County,Florida,2648,,
Flathead County,Montana,,,
Fleming County,Kentucky,,,
Florence County,South Carolina,1808,,
Florence County,Wisconsin,,,
Florida Municipio,Puerto Rico,,,
Floyd County,Georgia,1474,,
Floyd County,Indiana,823,,
Floyd County,Iowa,270,,
Floyd County,Kentucky,,,
Floyd County,Texas,,,
Floyd County,Virginia,,,
Fluvanna County,Virginia,,,
Foard County,Texas,,,
Fond du Lac County,Wisconsin,1424,,
Ford County,Illinois,,,
Ford County,Kansas,493,,
Forest County,Pennsylvania,,,
Forest County,Wisconsin,,,
Forrest County,Mississippi,637,,
Forsyth County,Georgia,22313,,
Forsyth County,North Carolina,8025,,
Fort Bend County,Texas,137329,,
Foster County,North Dakota,,,
Fountain County,Indiana,,,
Franklin city,Virginia,,,
Franklin County,Alabama,117,,
Franklin County,Arkansas,,,
Franklin County,Florida,,,
Franklin County,Georgia,,,
Franklin County,Idaho,,,
Franklin County,Illinois,,,
Franklin County,Indiana,,,
Franklin County,Iowa,,,
Franklin County,Kansas,,,
Franklin County,Kentucky,906,,
Franklin County,Maine,138,,
Franklin County,Massachusetts,1129,,
Franklin County,Mississippi,,,
Franklin County,Missouri,592,,
Franklin County,Nebraska,,,
Franklin County,New York,193,,
Franklin County,North Carolina,,,
Franklin County,Ohio,60101,,
Franklin County,Pennsylvania,1523,,
Franklin County,Tennessee,,,
Franklin County,Texas,,,
Franklin County,Vermont,,,
Franklin County,Virginia,,,
Franklin County,Washington,1914,,
Franklin Parish,Louisiana,,,
Frederick County,Maryland,11156,,
Frederick County,Virginia,1172,,
Fredericksburg city,Virginia,669,,
Freeborn County,Minnesota,574,,
Freestone County,Texas,,,
Fremont County,Colorado,,,
Fremont County,Idaho,,,
Fremont County,Iowa,,,
Fremont County,Wyoming,,,
Fresno County,California,97441,,
Frio County,Texas,,,
Frontier County,Nebraska,,,
Fulton County,Arkansas,,,
Fulton County,Georgia,67474,,
Fulton County,Illinois,,,
Fulton County,Indiana,,,
Fulton County,Kentucky,,,
Fulton County,New York,379,,
Fulton County,Ohio,,,
Fulton County,Pennsylvania,,,
Furnas County,Nebraska,,,
Gadsden County,Florida,,,
Gage County,Nebraska,136,,
Gaines County,Texas,89,,
Galax city,Virginia,,,
Gallatin County,Illinois,,,
Gallatin County,Kentucky,,,
Gallatin County,Montana,1317,,
Gallia County,Ohio,198,,
Galveston County,Texas,10889,,
Garden County,Nebraska,,,
Garfield County,Colorado,452,,
Garfield County,Montana,,,
Garfield County,Nebraska,,,
Garfield County,Oklahoma,463,,
Garfield County,Utah,,,
Garfield County,Washington,,,
Garland County,Arkansas,,,
Garrard County,Kentucky,,,
Garrett County,Maryland,111,,
Garvin County,Oklahoma,,,
Garza County,Texas,,,
Gasconade County,Missouri,,,
Gaston County,North Carolina,3162,,
Gates County,North Carolina,,,
Geary County,Kansas,947,,
Geauga County,Ohio,600,,
Gem County,Idaho,,,
Genesee County,Michigan,4288,,
Genesee County,New York,406,,
Geneva County,Alabama,,,
Gentry County,Missouri,,,
George County,Mississippi,,,
Georgetown County,South Carolina,,,
Gibson County,Indiana,,,
Gibson County,Tennessee,,,
Gila County,Arizona,467,,
Gilchrist County,Florida,,,
Giles County,Tennessee,169,,
Giles County,Virginia,,,
Gillespie County,Texas,,,
Gilliam County,Oregon,,,
Gilmer County,Georgia,145,,
Gilmer County,West Virginia,,,
Gilpin County,Colorado,,,
Glacier County,Montana,,,
Glades County,Florida,,,
Gladwin County,Michigan,118,,
Glascock County,Georgia,,,
Glasscock County,Texas,,,
Glenn County,California,728,,
Gloucester County,New Jersey,8894,,
Gloucester County,Virginia,,,
Glynn County,Georgia,1074,,
Gogebic County,Michigan,,,
Golden Valley County,Montana,,,
Golden Valley County,North Dakota,,,
Goliad County,Texas,,,
Gonzales County,Texas,,,
Goochland County,Virginia,,,
Goodhue County,Minnesota,,,
Gooding County,Idaho,,,
Gordon County,Georgia,636,,
Goshen County,Wyoming,,,
Gosper County,Nebraska,,,
Gove County,Kansas,,,
Grady County,Georgia,136,,
Grady County,Oklahoma,,,
Grafton County,New Hampshire,3016,,
Graham County,Arizona,,,
Graham County,Kansas,,,
Graham County,North Carolina,,,
Grainger County,Tennessee,,,
Grand County,Colorado,,,
Grand County,Utah,,,
Grand Forks County,North Dakota,1766,,
Grand Isle County,Vermont,33,,
Grand Traverse County,Michigan,583,,
Granite County,Montana,,,
Grant County,Arkansas,,,
Grant County,Indiana,578,,
Grant County,Kansas,,,
Grant County,Kentucky,,,
Grant County,Minnesota,,,
Grant County,Nebraska,,,
Grant County,New Mexico,,,
Grant County,North Dakota,,,
Grant County,Oklahoma,,,
Grant County,Oregon,,,
Grant County,South Dakota,,,
Grant County,Washington,1024,,
Grant County,West Virginia,,,
Grant County,Wisconsin,403,,
Grant Parish,Louisiana,,,
Granville County,North Carolina,,,
Gratiot County,Michigan,,,
Graves County,Kentucky,176,,
Gray County,Kansas,,,
Gray County,Texas,156,,
Grays Harbor County,Washington,1052,,
Grayson County,Kentucky,,,
Grayson County,Texas,1677,,
Grayson County,Virginia,,,
Greeley County,Kansas,,,
Greeley County,Nebraska,,,
Green County,Kentucky,,,
Green County,Wisconsin,251,,
Green Lake County,Wisconsin,,,
Greenbrier County,West Virginia,,,
Greene County,Alabama,,,
Greene County,Arkansas,,,
Greene County,Georgia,161,,
Greene County,Illinois,,,
Greene County,Indiana,,,
Greene County,Iowa,,,
Greene County,Mississippi,,,
Greene County,Missouri,5452,,
Greene County,New York,486,,
Greene County,North Carolina,,,
Greene County,Ohio,4844,,
Greene County,Pennsylvania,123,,
Greene County,Tennessee,,,
Greene County,Virginia,241,,
Greenlee County,Arizona,,,
Greensville County,Virginia,,,
Greenup County,Kentucky,,,
Greenville County,South Carolina,10932,,
Greenwood County,Kansas,,,
Greenwood County,South Carolina,648,,
Greer County,Oklahoma,,,
Gregg County,Texas,1676,,
Gregory County,South Dakota,,,
Grenada County,Mississippi,,,
Griggs County,North Dakota,,,
Grimes County,Texas,,,
Grundy County,Illinois,386,,
Grundy County,Iowa,,,
Grundy County,Missouri,,,
Grundy County,Tennessee,,,
Guadalupe County,New Mexico,,,
Guadalupe County,Texas,2570,,
Guánica Municipio,Puerto Rico,,,
Guayama Municipio,Puerto Rico,,,
Guayanilla Municipio,Puerto Rico,,,
Guaynabo Municipio,Puerto Rico,,,
Guernsey County,Ohio,,,
Guilford County,North Carolina,24734,,
Gulf County,Florida,86,,
Gunnison County,Colorado,,,
Gurabo Municipio,Puerto Rico,,,
Guthrie County,Iowa,29,,
Gwinnett County,Georgia,99816,,
Haakon County,South Dakota,,,
Habersham County,Georgia,1028,,
Haines Borough,Alaska,,,
Hale County,Alabama,,,
Hale County,Texas,,,
Halifax County,North Carolina,443,,
Halifax County,Virginia,242,,
Hall County,Georgia,3321,,
Hall County,Nebraska,768,,
Hall County,Texas,,,
Hamblen County,Tennessee,614,,
Hamilton County,Florida,,,
Hamilton County,Illinois,,,
Hamilton County,Indiana,17892,,
Hamilton County,Iowa,459,,
Hamilton County,Kansas,,,
Hamilton County,Nebraska,,,
Hamilton County,New York,,,
Hamilton County,Ohio,19796,,
Hamilton County,Tennessee,7165,,
Hamilton County,Texas,,,
Hamlin County,South Dakota,,,
Hampden County,Massachusetts,10382,,
Hampshire County,Massachusetts,8491,,
Hampshire County,West Virginia,,,
Hampton city,Virginia,3122,,
Hampton County,South Carolina,,,
Hancock County,Georgia,,,
Hancock County,Illinois,76,,
Hancock County,Indiana,,,
Hancock County,Iowa,,,
Hancock County,Kentucky,,,
Hancock County,Maine,528,,
Hancock County,Mississippi,,,
Hancock County,Ohio,1375,,
Hancock County,Tennessee,,,
Hancock County,West Virginia,141,,
Hand County,South Dakota,,,
Hanover County,Virginia,1560,,
Hansford County,Texas,,,
Hanson County,South Dakota,,,
Haralson County,Georgia,221,,
Hardee County,Florida,,,
Hardeman County,Tennessee,171,,
Hardeman County,Texas,,,
Hardin County,Illinois,,,
Hardin County,Iowa,,,
Hardin County,Kentucky,2088,,
Hardin County,Ohio,245,,
Hardin County,Tennessee,,,
Hardin County,Texas,,,
Harding County,New Mexico,,,
Harding County,South Dakota,,,
Hardy County,West Virginia,,,
Harford County,Maryland,6456,,
Harlan County,Kentucky,110,,
Harlan County,Nebraska,,,
Harmon County,Oklahoma,,,
Harnett County,North Carolina,1262,,
Harney County,Oregon,,,
Harper County,Kansas,,,
Harper County,Oklahoma,,,
Harris County,Georgia,,,
Harrison County,Indiana,,,
Harrison County,Iowa,,,
Harrison County,Kentucky,,,
Harrison County,Mississippi,5620,,
Harrison County,Missouri,,,
Harrison County,Ohio,,,
Harrison County,Texas,462,,
Harrison County,West Virginia,,,
Harrisonburg city,Virginia,2123,,
Hart County,Georgia,234,,
Hart County,Kentucky,,,
Hartford County,Connecticut,45559,,
Hartley County,Texas,,,
Harvey County,Kansas,211,,
Haskell County,Kansas,,,
Haskell County,Oklahoma,,,
Haskell County,Texas,,,
Hatillo Municipio,Puerto Rico,,,
Hawaii County,Hawaii,43176,,
Hawkins County,Tennessee,280,,
Hayes County,Nebraska,,,
Hays County,Texas,2622,,
Haywood County,North Carolina,340,,
Haywood County,Tennessee,,,
Heard County,Georgia,,,
Hemphill County,Texas,,,
Hempstead County,Arkansas,,,
Henderson County,Illinois,,,
Henderson County,Kentucky,,,
Henderson County,North Carolina,1301,,
Henderson County,Tennessee,,,
Henderson County,Texas,528,,
Hendricks County,Indiana,4046,,
Hendry County,Florida,342,,
Hennepin County,Minnesota,85626,,
Henrico County,Virginia,25841,,
Henry County,Alabama,,,
Henry County,Georgia,7177,,
Henry County,Illinois,264,,
Henry County,Indiana,,,
Henry County,Iowa,511,,
Henry County,Kentucky,,,
Henry County,Missouri,,,
Henry County,Ohio,114,,
Henry County,Tennessee,,,
Henry County,Virginia,334,,
Herkimer County,New York,330,,
Hernando County,Florida,2190,,
Hertford County,North Carolina,,,
Hettinger County,North Dakota,,,
Hickman County,Kentucky,,,
Hickman County,Tennessee,,,
Hickory County,Missouri,,,
Hidalgo County,New Mexico,,,
Hidalgo County,Texas,8286,,
Highland County,Ohio,177,,
Highland County,Virginia,,,
Highlands County,Florida,1543,,
Hill County,Montana,,,
Hill County,Texas,,,
Hillsborough County,Florida,53271,,
Hillsborough County,New Hampshire,15370,,
Hillsdale County,Michigan,170,,
Hinds County,Mississippi,2002,,
Hinsdale County,Colorado,,,
Hitchcock County,Nebraska,,,
Hocking County,Ohio,,,
Hockley County,Texas,,,
Hodgeman County,Kansas,,,
Hoke County,North Carolina,700,,
Holmes County,Florida,,,
Holmes County,Mississippi,,,
Holmes County,Ohio,,,
Holt County,Missouri,20,,
Holt County,Nebraska,,,
Honolulu County,Hawaii,418848,,
Hood County,Texas,469,,
Hood River County,Oregon,429,,
Hooker County,Nebraska,,,
Hoonah-Angoon Census Area,Alaska,,,
Hopewell city,Virginia,277,,
Hopkins County,Kentucky,251,,
Hopkins County,Texas,254,,
Hormigueros Municipio,Puerto Rico,,,
Horry County,South Carolina,3777,,
Hot Spring County,Arkansas,,,
Hot Springs County,Wyoming,,,
Houghton County,Michigan,1059,,
Houston County,Alabama,897,,
Houston County,Georgia,4447,,
Houston County,Minnesota,,,
Houston County,Tennessee,,,
Houston County,Texas,,,
Howard County,Arkansas,,,
Howard County,Indiana,1041,,
Howard County,Iowa,,,
Howard County,Maryland,54153,,
Howard County,Missouri,,,
Howard County,Nebraska,,,
Howard County,Texas,,,
Howell County,Missouri,,,
Hubbard County,Minnesota,131,,
Hudson County,New Jersey,102915,,
Hudspeth County,Texas,,,
Huerfano County,Colorado,,,
Hughes County,Oklahoma,,,
Hughes County,South Dakota,,,
Humacao Municipio,Puerto Rico,,,
Humboldt County,California,3924,,
Humboldt County,Iowa,,,
Humboldt County,Nevada,,,
Humphreys County,Mississippi,,,
Humphreys County,Tennessee,,,
Hunt County,Texas,1088,,
Hunterdon County,New Jersey,4825,,
Huntingdon County,Pennsylvania,225,,
Huntington County,Indiana,300,,
Huron County,Michigan,195,,
Huron County,Ohio,,,
Hutchinson County,South Dakota,,,
Hutchinson County,Texas,131,,
Hyde County,North Carolina,,,
Hyde County,South Dakota,,,
Iberia Parish,Louisiana,2035,,
Iberville Parish,Louisiana,,,
Ida County,Iowa,,,
Idaho County,Idaho,,,
Imperial County,California,2448,,
Independence County,Arkansas,,,
Indian River County,Florida,1817,,
Indiana County,Pennsylvania,941,,
Ingham County,Michigan,17281,,
Inyo County,California,,,
Ionia County,Michigan,,,
Iosco County,Michigan,,,
Iowa County,Iowa,,,
Iowa County,Wisconsin,147,,
Iredell County,North Carolina,3955,,
Irion County,Texas,,,
Iron County,Michigan,52,,
Iron County,Missouri,,,
Iron County,Utah,,,
Iron County,Wisconsin,,,
Iroquois County,Illinois,119,,
Irwin County,Georgia,,,
Isabela Municipio,Puerto Rico,,,
Isabella County,Michigan,1172,,
Isanti County,Minnesota,,,
Island County,Washington,3432,,
Isle of Wight County,Virginia,,,
Issaquena County,Mississippi,,,
Itasca County,Minnesota,189,,
Itawamba County,Mississippi,,,
Izard County,Arkansas,,,
Jack County,Texas,,,
Jackson County,Alabama,238,,
Jackson County,Arkansas,,,
Jackson County,Colorado,,,
Jackson County,Florida,,,
Jackson County,Georgia,1053,,
Jackson County,Illinois,1976,,
Jackson County,Indiana,812,,
Jackson County,Iowa,89,,
Jackson County,Kansas,,,
Jackson County,Kentucky,,,
Jackson County,Michigan,1143,,
Jackson County,Minnesota,257,,
Jackson County,Mississippi,3096,,
Jackson County,Missouri,12705,,
Jackson County,North Carolina,414,,
Jackson County,Ohio,,,
Jackson County,Oklahoma,317,,
Jackson County,Oregon,2527,,
Jackson County,South Dakota,,,
Jackson County,Tennessee,,,
Jackson County,Texas,,,
Jackson County,West Virginia,,,
Jackson County,Wisconsin,,,
Jackson Parish,Louisiana,76,,
James City County,Virginia,1811,,
Jasper County,Georgia,,,
Jasper County,Illinois,,,
Jasper County,Indiana,,,
Jasper County,Iowa,,,
Jasper County,Mississippi,,,
Jasper County,Missouri,1333,,
Jasper County,South Carolina,,,
Jasper County,Texas,,,
Jay County,Indiana,,,
Jayuya Municipio,Puerto Rico,,,
Jeff Davis County,Georgia,,,
Jeff Davis County,Texas,,,
Jefferson County,Alabama,10154,,
Jefferson County,Arkansas,539,,
Jefferson County,Colorado,15198,,
Jefferson County,Florida,,,
Jefferson County,Georgia,,,
Jefferson County,Idaho,,,
Jefferson County,Illinois,439,,
Jefferson County,Indiana,263,,
Jefferson County,Iowa,,,
Jefferson County,Kansas,,,
Jefferson County,Kentucky,20338,,
Jefferson County,Mississippi,,,
Jefferson County,Missouri,1682,,
Jefferson County,Montana,,,
Jefferson County,Nebraska,,,
Jefferson County,New York,1606,,
Jefferson County,Ohio,,,
Jefferson County,Oklahoma,,,
Jefferson County,Oregon,,,
Jefferson County,Pennsylvania,114,,
Jefferson County,Tennessee,343,,
Jefferson County,Texas,9157,,
Jefferson County,Washington,524,,
Jefferson County,West Virginia,830,,
Jefferson County,Wisconsin,566,,
Jefferson Davis County,Mississippi,,,
Jefferson Davis Parish,Louisiana,139,,
Jefferson Parish,Louisiana,18593,,
Jenkins County,Georgia,,,
Jennings County,Indiana,,,
Jerauld County,South Dakota,,,
Jerome County,Idaho,,,
Jersey County,Illinois,,,
Jessamine County,Kentucky,719,,
Jewell County,Kansas,,,
Jim Hogg County,Texas,,,
Jim Wells County,Texas,,,
Jo Daviess County,Illinois,,,
Johnson County,Arkansas,428,,
Johnson County,Georgia,,,
Johnson County,Illinois,,,
Johnson County,Indiana,4181,,
Johnson County,Iowa,8984,,
Johnson County,Kansas,27467,,
Johnson County,Kentucky,,,
Johnson County,Missouri,790,,
Johnson County,Nebraska,,,
Johnson County,Tennessee,,,
Johnson County,Texas,1244,,
Johnson County,Wyoming,,,
Johnston County,North Carolina,1222,,
Johnston County,Oklahoma,,,
Jones County,Georgia,198,,
Jones County,Iowa,,,
Jones County,Mississippi,361,,
Jones County,North Carolina,,,
Jones County,South Dakota,,,
Jones County,Texas,,,
Josephine County,Oregon,,,
Juab County,Utah,,,
Juana Díaz Municipio,Puerto Rico,,,
Judith Basin County,Montana,,,
Juncos Municipio,Puerto Rico,,,
Juneau City and Borough,Alaska,2378,,
Juneau County,Wisconsin,,,
Juniata County,Pennsylvania,,,
Kalamazoo County,Michigan,6202,,
Kalawao County,Hawaii,,,
Kalkaska County,Michigan,,,
Kanabec County,Minnesota,,,
Kanawha County,West Virginia,1983,,
Kandiyohi County,Minnesota,347,,
Kane County,Illinois,20818,,
Kane County,Utah,,,
Kankakee County,Illinois,1081,,
Karnes County,Texas,,,
Kauai County,Hawaii,24591,,
Kaufman County,Texas,1239,,
Kay County,Oklahoma,,,
Kearney County,Nebraska,,,
Kearny County,Kansas,,,
Keith County,Nebraska,,,
Kemper County,Mississippi,,,
Kenai Peninsula Borough,Alaska,859,,
Kendall County,Illinois,3981,,
Kendall County,Texas,,,
Kenedy County,Texas,,,
Kennebec County,Maine,1059,,
Kenosha County,Wisconsin,2257,,
Kent County,Delaware,3451,,
Kent County,Maryland,218,,
Kent County,Michigan,18149,,
Kent County,Rhode Island,4100,,
Kent County,Texas,,,
Kenton County,Kentucky,2057,,
Keokuk County,Iowa,,,
Kern County,California,40523,,
Kerr County,Texas,509,,
Kershaw County,South Carolina,,,
Ketchikan Gateway Borough,Alaska,1096,,
Kewaunee County,Wisconsin,77,,
Keweenaw County,Michigan,,,
Keya Paha County,Nebraska,,,
Kidder County,North Dakota,,,
Kimball County,Nebraska,,,
Kimble County,Texas,,,
King and Queen County,Virginia,,,
King County,Texas,,,
King George County,Virginia,272,,
King William County,Virginia,180,,
Kingfisher County,Oklahoma,,,
Kingman County,Kansas,,,
Kings County,California,5283,,
Kings County,New York,313323,,
Kingsbury County,South Dakota,,,
Kinney County,Texas,,,
Kiowa County,Colorado,,,
Kiowa County,Kansas,,,
Kiowa County,Oklahoma,,,
Kit Carson County,Colorado,,,
Kitsap County,Washington,12020,,
Kittitas County,Washington,815,,
Kittson County,Minnesota,,,
Klamath County,Oregon,626,,
Kleberg County,Texas,611,,
Klickitat County,Washington,,,
Knott County,Kentucky,,,
Knox County,Illinois,529,,
Knox County,Indiana,309,,
Knox County,Kentucky,,,
Knox County,Maine,,,
Knox County,Missouri,,,
Knox County,Nebraska,,,
Knox County,Ohio,,,
Knox County,Tennessee,9693,,
Knox County,Texas,,,
Kodiak Island Borough,Alaska,3030,,
Koochiching County,Minnesota,,,
Kootenai County,Idaho,1070,,
Kosciusko County,Indiana,819,,
Kossuth County,Iowa,,,
Kusilvak Census Area,Alaska,40,,
La Crosse County,Wisconsin,5197,,
La Paz County,Arizona,162,,
La Plata County,Colorado,,,
La Salle County,Texas,,,
Labette County,Kansas,,,
Lac qui Parle County,Minnesota,,,
Lackawanna County,Pennsylvania,5370,,
Laclede County,Missouri,,,
Lafayette County,Arkansas,,,
Lafayette County,Florida,,,
Lafayette County,Mississippi,1110,,
Lafayette County,Missouri,158,,
Lafayette County,Wisconsin,,,
Lafayette Parish,Louisiana,4137,,
Lafourche Parish,Louisiana,789,,
LaGrange County,Indiana,,,
Lajas Municipio,Puerto Rico,,,
Lake and Peninsula Borough,Alaska,,,
Lake County,California,950,,
Lake County,Colorado,,,
Lake County,Florida,6212,,
Lake County,Illinois,49984,,
Lake County,Indiana,6701,,
Lake County,Michigan,,,
Lake County,Minnesota,,,
Lake County,Montana,,,
Lake County,Ohio,2797,,
Lake County,Oregon,,,
Lake County,South Dakota,,,
Lake County,Tennessee,,,
Lake of the Woods County,Minnesota,,,
Lamar County,Alabama,,,
Lamar County,Georgia,138,,
Lamar County,Mississippi,843,,
Lamar County,Texas,437,,
Lamb County,Texas,,,
Lamoille County,Vermont,161,,
LaMoure County,North Dakota,,,
Lampasas County,Texas,,,
Lancaster County,Nebraska,12966,,
Lancaster County,Pennsylvania,11493,,
Lancaster County,South Carolina,828,,
Lancaster County,Virginia,,,
Lander County,Nevada,,,
Lane County,Kansas,,,
Lane County,Oregon,9236,,
Langlade County,Wisconsin,,,
Lanier County,Georgia,,,
Lapeer County,Michigan,,,
LaPorte County,Indiana,628,,
Laramie County,Wyoming,1086,,
Lares Municipio,Puerto Rico,,,
Larimer County,Colorado,6784,,
Larue County,Kentucky,,,
Las Animas County,Colorado,,,
Las Marías Municipio,Puerto Rico,,,
Las Piedras Municipio,Puerto Rico,,,
LaSalle County,Illinois,850,,
LaSalle Parish,Louisiana,,,
Lassen County,California,,,
Latah County,Idaho,1033,,
Latimer County,Oklahoma,,,
Lauderdale County,Alabama,626,,
Lauderdale County,Mississippi,,,
Lauderdale County,Tennessee,,,
Laurel County,Kentucky,,,
Laurens County,Georgia,522,,
Laurens County,South Carolina,232,,
Lavaca County,Texas,,,
Lawrence County,Alabama,,,
Lawrence County,Arkansas,,,
Lawrence County,Illinois,,,
Lawrence County,Indiana,,,
Lawrence County,Kentucky,,,
Lawrence County,Mississippi,,,
Lawrence County,Missouri,195,,
Lawrence County,Ohio,,,
Lawrence County,Pennsylvania,,,
Lawrence County,South Dakota,234,,
Lawrence County,Tennessee,,,
Le Flore County,Oklahoma,,,
Le Sueur County,Minnesota,,,
Lea County,New Mexico,,,
Leake County,Mississippi,,,
Leavenworth County,Kansas,1022,,
Lebanon County,Pennsylvania,1805,,
Lee County,Alabama,5959,,
Lee County,Arkansas,,,
Lee County,Florida,10841,,
Lee County,Georgia,717,,
Lee County,Illinois,215,,
Lee County,Iowa,210,,
Lee County,Kentucky,,,
Lee County,Mississippi,681,,
Lee County,North Carolina,615,,
Lee County,South Carolina,,,
Lee County,Texas,,,
Lee County,Virginia,,,
Leelanau County,Michigan,157,,
Leflore County,Mississippi,216,,
Lehigh County,Pennsylvania,11946,,
Lemhi County,Idaho,,,
Lenawee County,Michigan,268,,
Lenoir County,North Carolina,,,
Leon County,Florida,9589,,
Leon County,Texas,126,,
Leslie County,Kentucky,,,
Letcher County,Kentucky,57,,
Levy County,Florida,,,
Lewis and Clark County,Montana,426,,
Lewis County,Idaho,30,,
Lewis County,Kentucky,,,
Lewis County,Missouri,,,
Lewis County,New York,119,,
Lewis County,Tennessee,,,
Lewis County,Washington,970,,
Lewis County,West Virginia,,,
Lexington city,Virginia,,,
Lexington County,South Carolina,4702,,
Liberty County,Florida,,,
Liberty County,Georgia,1246,,
Liberty County,Montana,,,
Liberty County,Texas,450,,
Licking County,Ohio,1700,,
Limestone County,Alabama,1165,,
Limestone County,Texas,151,,
Lincoln County,Arkansas,,,
Lincoln County,Colorado,,,
Lincoln County,Georgia,,,
Lincoln County,Idaho,,,
Lincoln County,Kansas,,,
Lincoln County,Kentucky,,,
Lincoln County,Maine,321,,
Lincoln County,Minnesota,,,
Lincoln County,Mississippi,,,
Lincoln County,Missouri,,,
Lincoln County,Montana,,,
Lincoln County,Nebraska,,,
Lincoln County,Nevada,,,
Lincoln County,New Mexico,,,
Lincoln County,North Carolina,,,
Lincoln County,Oklahoma,,,
Lincoln County,Oregon,582,,
Lincoln County,South Dakota,568,,
Lincoln County,Tennessee,,,
Lincoln County,Washington,65,,
Lincoln County,West Virginia,,,
Lincoln County,Wisconsin,,,
Lincoln County,Wyoming,,,
Lincoln Parish,Louisiana,835,,
Linn County,Iowa,4991,,
Linn County,Kansas,,,
Linn County,Missouri,,,
Linn County,Oregon,1496,,
Lipscomb County,Texas,,,
Litchfield County,Connecticut,3546,,
Little River County,Arkansas,,,
Live Oak County,Texas,,,
Livingston County,Illinois,,,
Livingston County,Kentucky,,,
Livingston County,Michigan,1746,,
Livingston County,Missouri,74,,
Livingston County,New York,887,,
Livingston Parish,Louisiana,,,
Llano County,Texas,,,
Logan County,Arkansas,,,
Logan County,Colorado,209,,
Logan County,Illinois,231,,
Logan County,Kansas,,,
Logan County,Kentucky,,,
Logan County,Nebraska,,,
Logan County,North Dakota,,,
Logan County,Ohio,336,,
Logan County,Oklahoma,,,
Logan County,West Virginia,133,,
Loíza Municipio,Puerto Rico,,,
Long County,Georgia,,,
Lonoke County,Arkansas,494,,
Lorain County,Ohio,3094,,
Los Alamos County,New Mexico,1074,,
Loudon County,Tennessee,,,
Loudoun County,Virginia,64362,,
Louisa County,Iowa,442,,
Louisa County,Virginia,,,
Loup County,Nebraska,,,
Love County,Oklahoma,78,,
Loving County,Texas,,,
Lowndes County,Alabama,,,
Lowndes County,Georgia,2037,,
Lowndes County,Mississippi,596,,
Lubbock County,Texas,6368,,
Lucas County,Iowa,,,
Lucas County,Ohio,7732,,
Luce County,Michigan,,,
Lumpkin County,Georgia,,,
Luna County,New Mexico,,,
Lunenburg County,Virginia,,,
Luquillo Municipio,Puerto Rico,,,
Luzerne County,Pennsylvania,3783,,
Lycoming County,Pennsylvania,704,,
Lyman County,South Dakota,,,
Lynchburg city,Virginia,2178,,
Lynn County,Texas,,,
Lyon County,Iowa,,,
Lyon County,Kansas,704,,
Lyon County,Kentucky,,,
Lyon County,Minnesota,969,,
Lyon County,Nevada,,,
Mackinac County,Michigan,,,
Macomb County,Michigan,31883,,
Macon County,Alabama,,,
Macon County,Georgia,221,,
Macon County,Illinois,1223,,
Macon County,Missouri,,,
Macon County,North Carolina,257,,
Macon County,Tennessee,,,
Macoupin County,Illinois,200,,
Madera County,California,3056,,
Madison County,Alabama,8997,,
Madison County,Arkansas,,,
Madison County,Florida,,,
Madison County,Georgia,413,,
Madison County,Idaho,,,
Madison County,Illinois,2419,,
Madison County,Indiana,,,
Madison County,Iowa,,,
Madison County,Kentucky,770,,
Madison County,Mississippi,2535,,
Madison County,Missouri,,,
Madison County,Montana,,,
Madison County,Nebraska,385,,
Madison County,New York,574,,
Madison County,North Carolina,123,,
Madison County,Ohio,481,,
Madison County,Tennessee,1047,,
Madison County,Texas,,,
Madison County,Virginia,,,
Madison Parish,Louisiana,,,
Magoffin County,Kentucky,,,
Mahaska County,Iowa,297,,
Mahnomen County,Minnesota,25,,
Mahoning County,Ohio,1914,,
Major County,Oklahoma,44,,
Malheur County,Oregon,,,
Manassas city,Virginia,2156,,
Manassas Park city,Virginia,1689,,
Manatee County,Florida,7064,,
Manatí Municipio,Puerto Rico,,,
Manistee County,Michigan,113,,
Manitowoc County,Wisconsin,2096,,
Marathon County,Wisconsin,7676,,
Marengo County,Alabama,,,
Maricao Municipio,Puerto Rico,,,
Maricopa County,Arizona,163667,,
Maries County,Missouri,,,
Marin County,California,14759,,
Marinette County,Wisconsin,,,
Marion County,Alabama,,,
Marion County,Arkansas,,,
Marion County,Florida,5077,,
Marion County,Georgia,,,
Marion County,Illinois,270,,
Marion County,Indiana,27120,,
Marion County,Iowa,378,,
Marion County,Kansas,,,
Marion County,Kentucky,,,
Marion County,Mississippi,,,
Marion County,Missouri,208,,
Marion County,Ohio,344,,
Marion County,Oregon,6459,,
Marion County,South Carolina,206,,
Marion County,Tennessee,,,
Marion County,Texas,,,
Marion County,West Virginia,377,,
Mariposa County,California,,,
Marlboro County,South Carolina,,,
Marquette County,Michigan,576,,
Marquette County,Wisconsin,,,
Marshall County,Alabama,534,,
Marshall County,Illinois,,,
Marshall County,Indiana,,,
Marshall County,Iowa,1326,,
Marshall County,Kansas,,,
Marshall County,Kentucky,128,,
Marshall County,Minnesota,,,
Marshall County,Mississippi,,,
Marshall County,Oklahoma,,,
Marshall County,South Dakota,,,
Marshall County,Tennessee,,,
Marshall County,West Virginia,,,
Martin County,Florida,1996,,
Martin County,Indiana,,,
Martin County,Kentucky,,,
Martin County,Minnesota,,,
Martin County,North Carolina,,,
Martin County,Texas,,,
Martinsville city,Virginia,,,
Mason County,Illinois,,,
Mason County,Kentucky,116,,
Mason County,Michigan,,,
Mason County,Texas,,,
Mason County,Washington,902,,
Mason County,West Virginia,,,
Massac County,Illinois,,,
Matagorda County,Texas,726,,
Matanuska-Susitna Borough,Alaska,1313,,
Mathews County,Virginia,,,
Maui County,Hawaii,47337,,
Maunabo Municipio,Puerto Rico,,,
Maury County,Tennessee,814,,
Maverick County,Texas,,,
Mayagüez Municipio,Puerto Rico,,,
Mayes County,Oklahoma,175,,
McClain County,Oklahoma,,,
McCone County,Montana,,,
McCook County,South Dakota,,,
McCormick County,South Carolina,,,
McCracken County,Kentucky,,,
McCreary County,Kentucky,,,
McCulloch County,Texas,,,
McCurtain County,Oklahoma,193,,
McDonald County,Missouri,301,,
McDonough County,Illinois,689,,
McDowell County,North Carolina,,,
McDowell County,West Virginia,,,
McDuffie County,Georgia,,,
McHenry County,Illinois,8282,,
McHenry County,North Dakota,,,
McIntosh County,Georgia,,,
McIntosh County,North Dakota,,,
McIntosh County,Oklahoma,,,
McKean County,Pennsylvania,,,
McKenzie County,North Dakota,,,
McKinley County,New Mexico,713,,
McLean County,Illinois,8770,,
McLean County,Kentucky,,,
McLean County,North Dakota,,,
McLennan County,Texas,3812,,
McLeod County,Minnesota,214,,
McMinn County,Tennessee,,,
McMullen County,Texas,,,
McNairy County,Tennessee,,,
McPherson County,Kansas,,,
McPherson County,Nebraska,,,
McPherson County,South Dakota,,,
Meade County,Kansas,,,
Meade County,Kentucky,,,
Meade County,South Dakota,318,,
Meagher County,Montana,,,
Mecklenburg County,North Carolina,56962,,
Mecklenburg County,Virginia,,,
Mecosta County,Michigan,,,
Medina County,Ohio,2124,,
Medina County,Texas,,,
Meeker County,Minnesota,75,,
Meigs County,Ohio,,,
Meigs County,Tennessee,,,
Mellette County,South Dakota,,,
Menard County,Illinois,,,
Menard County,Texas,,,
Mendocino County,California,1505,,
Menifee County,Kentucky,,,
Menominee County,Michigan,97,,
Menominee County,Wisconsin,,,
Merced County,California,20163,,
Mercer County,Illinois,,,
Mercer County,Kentucky,142,,
Mercer County,Missouri,,,
Mercer County,New Jersey,39918,,
Mercer County,North Dakota,33,,
Mercer County,Ohio,,,
Mercer County,Pennsylvania,745,,
Mercer County,West Virginia,396,,
Meriwether County,Georgia,,,
Merrick County,Nebraska,,,
Merrimack County,New Hampshire,2611,,
Mesa County,Colorado,1067,,
Metcalfe County,Kentucky,,,
Miami County,Indiana,203,,
Miami County,Kansas,,,
Miami County,Ohio,1320,,
Miami-Dade County,Florida,42708,,
Middlesex County,Connecticut,4759,,
Middlesex County,Massachusetts,176767,,
Middlesex County,New Jersey,200918,,
Middlesex County,Virginia,,,
Midland County,Michigan,1862,,
Midland County,Texas,3094,,
Mifflin County,Pennsylvania,262,,
Milam County,Texas,,,
Millard County,Utah,103,,
Mille Lacs County,Minnesota,,,
Miller County,Arkansas,,,
Miller County,Georgia,,,
Miller County,Missouri,119,,
Mills County,Iowa,,,
Mills County,Texas,,,
Milwaukee County,Wisconsin,39074,,
Miner County,South Dakota,,,
Mineral County,Colorado,,,
Mineral County,Montana,,,
Mineral County,Nevada,,,
Mineral County,West Virginia,,,
Mingo County,West Virginia,,,
Minidoka County,Idaho,,,
Minnehaha County,South Dakota,3484,,
Missaukee County,Michigan,,,
Mississippi County,Arkansas,222,,
Mississippi County,Missouri,,,
Missoula County,Montana,1637,,
Mitchell County,Georgia,,,
Mitchell County,Iowa,,,
Mitchell County,Kansas,,,
Mitchell County,North Carolina,,,
Mitchell County,Texas,,,
Mobile County,Alabama,8091,,
Moca Municipio,Puerto Rico,,,
Modoc County,California,,,
Moffat County,Colorado,,,
Mohave County,Arizona,2528,,
Moniteau County,Missouri,,,
Monmouth County,New Jersey,34150,,
Mono County,California,,,
Monona County,Iowa,,,
Monongalia County,West Virginia,3416,,
Monroe County,Alabama,116,,
Monroe County,Arkansas,,,
Monroe County,Florida,907,,
Monroe County,Georgia,208,,
Monroe County,Illinois,231,,
Monroe County,Indiana,9126,,
Monroe County,Iowa,,,
Monroe County,Kentucky,,,
Monroe County,Michigan,937,,
Monroe County,Mississippi,,,
Monroe County,Missouri,,,
Monroe County,New York,27548,,
Monroe County,Ohio,,,
Monroe County,Pennsylvania,3787,,
Monroe County,Tennessee,,,
Monroe County,West Virginia,,,
Monroe County,Wisconsin,360,,
Montague County,Texas,,,
Montcalm County,Michigan,285,,
Monterey County,California,24152,,
Montezuma County,Colorado,,,
Montgomery County,Alabama,5519,,
Montgomery County,Arkansas,,,
Montgomery County,Georgia,,,
Montgomery County,Illinois,,,
Montgomery County,Indiana,295,,
Montgomery County,Iowa,,,
Montgomery County,Kansas,344,,
Montgomery County,Kentucky,,,
Montgomery County,Maryland,153024,,
Montgomery County,Mississippi,,,
Montgomery County,Missouri,,,
Montgomery County,New York,375,,
Montgomery County,North Carolina,416,,
Montgomery County,Ohio,10689,,
Montgomery County,Pennsylvania,59965,,
Montgomery County,Tennessee,3986,,
Montgomery County,Texas,14941,,
Montgomery County,Virginia,6317,,
Montmorency County,Michigan,,,
Montour County,Pennsylvania,559,,
Montrose County,Colorado,,,
Moody County,South Dakota,136,,
Moore County,North Carolina,1111,,
Moore County,Tennessee,,,
Moore County,Texas,1735,,
Mora County,New Mexico,,,
Morehouse Parish,Louisiana,,,
Morgan County,Alabama,779,,
Morgan County,Colorado,,,
Morgan County,Georgia,,,
Morgan County,Illinois,243,,
Morgan County,Indiana,475,,
Morgan County,Kentucky,,,
Morgan County,Missouri,,,
Morgan County,Ohio,,,
Morgan County,Tennessee,,,
Morgan County,Utah,,,
Morgan County,West Virginia,,,
Morovis Municipio,Puerto Rico,,,
Morrill County,Nebraska,,,
Morris County,Kansas,,,
Morris County,New Jersey,50422,,
Morris County,Texas,,,
Morrison County,Minnesota,166,,
Morrow County,Ohio,,,
Morrow County,Oregon,,,
Morton County,Kansas,,,
Morton County,North Dakota,,,
Motley County,Texas,,,
Moultrie County,Illinois,,,
Mountrail County,North Dakota,44,,
Mower County,Minnesota,964,,
Muhlenberg County,Kentucky,,,
Multnomah County,Oregon,55357,,
Murray County,Georgia,,,
Murray County,Minnesota,,,
Murray County,Oklahoma,81,,
Muscatine County,Iowa,477,,
Muscogee County,Georgia,4597,,
Muskegon County,Michigan,872,,
Muskingum County,Ohio,,,
Muskogee County,Oklahoma,492,,
Musselshell County,Montana,,,
Nacogdoches County,Texas,1174,,
Naguabo Municipio,Puerto Rico,,,
Nance County,Nebraska,,,
Nantucket County,Massachusetts,,,
Napa County,California,11085,,
Naranjito Municipio,Puerto Rico,,,
Nash County,North Carolina,907,,
Nassau County,Florida,,,
Nassau County,New York,123008,,
Natchitoches Parish,Louisiana,266,,
Natrona County,Wyoming,649,,
Navajo County,Arizona,661,,
Navarro County,Texas,302,,
Nelson County,Kentucky,,,
Nelson County,North Dakota,,,
Nelson County,Virginia,,,
Nemaha County,Kansas,,,
Nemaha County,Nebraska,50,,
Neosho County,Kansas,,,
Neshoba County,Mississippi,,,
Ness County,Kansas,,,
Nevada County,Arkansas,,,
Nevada County,California,1094,,
New Castle County,Delaware,30410,,
New Hanover County,North Carolina,2842,,
New Haven County,Connecticut,34039,,
New Kent County,Virginia,,,
New London County,Connecticut,11044,,
New Madrid County,Missouri,,,
New York County,New York,198205,,
Newaygo County,Michigan,164,,
Newberry County,South Carolina,,,
Newport County,Rhode Island,1527,,
Newport News city,Virginia,5700,,
Newton County,Arkansas,,,
Newton County,Georgia,1061,,
Newton County,Indiana,,,
Newton County,Mississippi,,,
Newton County,Missouri,762,,
Newton County,Texas,,,
Nez Perce County,Idaho,358,,
Niagara County,New York,2124,,
Nicholas County,Kentucky,,,
Nicholas County,West Virginia,,,
Nicollet County,Minnesota,541,,
Niobrara County,Wyoming,,,
Noble County,Indiana,311,,
Noble County,Ohio,,,
Noble County,Oklahoma,,,
Nobles County,Minnesota,1372,,
Nodaway County,Missouri,380,,
Nolan County,Texas,,,
Nome Census Area,Alaska,,,
Norfolk city,Virginia,8278,,
Norfolk County,Massachusetts,71747,,
Norman County,Minnesota,38,,
North Slope Borough,Alaska,563,,
Northampton County,North Carolina,,,
Northampton County,Pennsylvania,8275,,
Northampton County,Virginia,104,,
Northumberland County,Pennsylvania,318,,
Northumberland County,Virginia,,,
Northwest Arctic Borough,Alaska,68,,
Norton city,Virginia,,,
Norton County,Kansas,,,
Nottoway County,Virginia,,,
Nowata County,Oklahoma,,,
Noxubee County,Mississippi,,,
Nuckolls County,Nebraska,,,
Nueces County,Texas,6943,,
Nye County,Nevada,729,,
O'Brien County,Iowa,124,,
Oakland County,Michigan,84725,,
Obion County,Tennessee,102,,
Ocean County,New Jersey,11546,,
Oceana County,Michigan,62,,
Ochiltree County,Texas,,,
Oconee County,Georgia,1474,,
Oconee County,South Carolina,543,,
Oconto County,Wisconsin,168,,
Ogemaw County,Michigan,123,,
Oglala Lakota County,South Dakota,,,
Ogle County,Illinois,,,
Oglethorpe County,Georgia,,,
Ohio County,Indiana,,,
Ohio County,Kentucky,,,
Ohio County,West Virginia,321,,
Okaloosa County,Florida,5549,,
Okanogan County,Washington,376,,
Okeechobee County,Florida,347,,
Okfuskee County,Oklahoma,,,
Oklahoma County,Oklahoma,25377,,
Okmulgee County,Oklahoma,144,,
Oktibbeha County,Mississippi,1449,,
Oldham County,Kentucky,919,,
Oldham County,Texas,,,
Oliver County,North Dakota,,,
Olmsted County,Minnesota,8763,,
Oneida County,Idaho,,,
Oneida County,New York,9258,,
Oneida County,Wisconsin,,,
Onondaga County,New York,18102,,
Onslow County,North Carolina,3395,,
Ontario County,New York,1427,,
Ontonagon County,Michigan,,,
Orange County,Florida,67013,,
Orange County,Indiana,104,,
Orange County,New York,9598,,
Orange County,North Carolina,10893,,
Orange County,Texas,977,,
Orange County,Vermont,,,
Orange County,Virginia,,,
Orangeburg County,South Carolina,891,,
Oregon County,Missouri,,,
Orleans County,New York,291,,
Orleans County,Vermont,,,
Orleans Parish,Louisiana,11530,,
Orocovis Municipio,Puerto Rico,,,
Osage County,Kansas,,,
Osage County,Missouri,,,
Osage County,Oklahoma,196,,
Osborne County,Kansas,,,
Osceola County,Florida,8242,,
Osceola County,Iowa,,,
Osceola County,Michigan,75,,
Oscoda County,Michigan,,,
Oswego County,New York,833,,
Otero County,Colorado,182,,
Otero County,New Mexico,807,,
Otoe County,Nebraska,,,
Otsego County,Michigan,,,
Otsego County,New York,818,,
Ottawa County,Kansas,,,
Ottawa County,Michigan,7628,,
Ottawa County,Ohio,,,
Ottawa County,Oklahoma,226,,
Otter Tail County,Minnesota,363,,
Ouachita County,Arkansas,,,
Ouachita Parish,Louisiana,1604,,
Ouray County,Colorado,,,
Outagamie County,Wisconsin,6152,,
Overton County,Tennessee,,,
Owen County,Indiana,,,
Owen County,Kentucky,,,
Owsley County,Kentucky,,,
Owyhee County,Idaho,,,
Oxford County,Maine,,,
Ozark County,Missouri,,,
Ozaukee County,Wisconsin,1787,,
Pacific County,Washington,366,,
Page County,Iowa,166,,
Page County,Virginia,135,,
Palm Beach County,Florida,37198,,
Palo Alto County,Iowa,,,
Palo Pinto County,Texas,,,
Pamlico County,North Carolina,,,
Panola County,Mississippi,,,
Panola County,Texas,,,
Park County,Colorado,,,
Park County,Montana,,,
Park County,Wyoming,,,
Parke County,Indiana,,,
Parker County,Texas,615,,
Parmer County,Texas,,,
Pasco County,Florida,12264,,
Pasquotank County,North Carolina,652,,
Passaic County,New Jersey,27080,,
Patillas Municipio,Puerto Rico,,,
Patrick County,Virginia,,,
Paulding County,Georgia,1592,,
Paulding County,Ohio,,,
Pawnee County,Kansas,,,
Pawnee County,Nebraska,,,
Pawnee County,Oklahoma,,,
Payette County,Idaho,,,
Payne County,Oklahoma,3570,,
Peach County,Georgia,302,,
Pearl River County,Mississippi,,,
Pecos County,Texas,,,
Pembina County,North Dakota,,,
Pemiscot County,Missouri,,,
Pend Oreille County,Washington,,,
Pender County,North Carolina,,,
Pendleton County,Kentucky,,,
Pendleton County,West Virginia,,,
Pennington County,Minnesota,,,
Pennington County,South Dakota,1189,,
Penobscot County,Maine,1621,,
Peñuelas Municipio,Puerto Rico,,,
Peoria County,Illinois,7191,,
Pepin County,Wisconsin,,,
Perkins County,Nebraska,,,
Perkins County,South Dakota,,,
Perquimans County,North Carolina,,,
Perry County,Alabama,,,
Perry County,Arkansas,,,
Perry County,Illinois,122,,
Perry County,Indiana,,,
Perry County,Kentucky,,,
Perry County,Mississippi,,,
Perry County,Missouri,134,,
Perry County,Ohio,,,
Perry County,Pennsylvania,,,
Perry County,Tennessee,,,
Pershing County,Nevada,,,
Person County,North Carolina,,,
Petersburg Borough,Alaska,,,
Petersburg city,Virginia,281,,
Petroleum County,Montana,,,
Pettis County,Missouri,,,
Phelps County,Missouri,1636,,
Phelps County,Nebraska,,,
Philadelphia County,Pennsylvania,111341,,
Phillips County,Arkansas,,,
Phillips County,Colorado,,,
Phillips County,Kansas,,,
Phillips County,Montana,,,
Piatt County,Illinois,,,
Pickaway County,Ohio,,,
Pickens County,Alabama,,,
Pickens County,Georgia,,,
Pickens County,South Carolina,2179,,
Pickett County,Tennessee,,,
Pierce County,Georgia,,,
Pierce County,Nebraska,,,
Pierce County,North Dakota,,,
Pierce County,Washington,50315,,
Pierce County,Wisconsin,510,,
Pike County,Alabama,731,,
Pike County,Arkansas,,,
Pike County,Georgia,,,
Pike County,Illinois,,,
Pike County,Indiana,,,
Pike County,Kentucky,322,,
Pike County,Mississippi,,,
Pike County,Missouri,,,
Pike County,Ohio,,,
Pike County,Pennsylvania,,,
Pima County,Arizona,27645,,
Pinal County,Arizona,6550,,
Pine County,Minnesota,,,
Pinellas County,Florida,31219,,
Pipestone County,Minnesota,87,,
Piscataquis County,Maine,,,
Pitkin County,Colorado,,,
Pitt County,North Carolina,3055,,
Pittsburg County,Oklahoma,185,,
Pittsylvania County,Virginia,,,
Piute County,Utah,,,
Placer County,California,25921,,
Plaquemines Parish,Louisiana,779,,
Platte County,Missouri,2705,,
Platte County,Nebraska,,,
Platte County,Wyoming,,,
Pleasants County,West Virginia,,,
Plumas County,California,,,
Plymouth County,Iowa,,,
Plymouth County,Massachusetts,6282,,
Pocahontas County,Iowa,,,
Pocahontas County,West Virginia,,,
Poinsett County,Arkansas,,,
Pointe Coupee Parish,Louisiana,,,
Polk County,Arkansas,,,
Polk County,Florida,10886,,
Polk County,Georgia,,,
Polk County,Iowa,20307,,
Polk County,Minnesota,261,,
Polk County,Missouri,,,
Polk County,Nebraska,,,
Polk County,North Carolina,,,
Polk County,Oregon,1568,,
Polk County,Tennessee,,,
Polk County,Texas,,,
Polk County,Wisconsin,169,,
Ponce Municipio,Puerto Rico,,,
Pondera County,Montana,,,
Pontotoc County,Mississippi,,,
Pontotoc County,Oklahoma,,,
Pope County,Arkansas,644,,
Pope County,Illinois,,,
Pope County,Minnesota,45,,
Poquoson city,Virginia,,,
Portage County,Ohio,2994,,
Portage County,Wisconsin,1860,,
Porter County,Indiana,2330,,
Portsmouth city,Virginia,1168,,
Posey County,Indiana,,,
Pottawatomie County,Kansas,194,,
Pottawatomie County,Oklahoma,514,,
Pottawattamie County,Iowa,562,,
Potter County,Pennsylvania,,,
Potter County,South Dakota,,,
Potter County,Texas,6364,,
Powder River County,Montana,,,
Powell County,Kentucky,,,
Powell County,Montana,,,
Power County,Idaho,,,
Poweshiek County,Iowa,374,,
Powhatan County,Virginia,,,
Prairie County,Arkansas,,,
Prairie County,Montana,,,
Pratt County,Kansas,,,
Preble County,Ohio,,,
Prentiss County,Mississippi,,,
Presidio County,Texas,358,,
Presque Isle County,Michigan,,,
Preston County,West Virginia,,,
Price County,Wisconsin,,,
Prince Edward County,Virginia,,,
Prince George County,Virginia,757,,
Prince George's County,Maryland,38632,,
Prince of Wales-Hyder Census Area,Alaska,74,,
Prince William County,Virginia,36330,,
Providence County,Rhode Island,26200,,
Prowers County,Colorado,,,
Pueblo County,Colorado,1392,,
Pulaski County,Arkansas,8256,,
Pulaski County,Georgia,,,
Pulaski County,Illinois,,,
Pulaski County,Indiana,,,
Pulaski County,Kentucky,464,,
Pulaski County,Missouri,,,
Pulaski County,Virginia,243,,
Pushmataha County,Oklahoma,,,
Putnam County,Florida,443,,
Putnam County,Georgia,,,
Putnam County,Illinois,,,
Putnam County,Indiana,380,,
Putnam County,Missouri,,,
Putnam County,New York,2225,,
Putnam County,Ohio,,,
Putnam County,Tennessee,1006,,
Putnam County,West Virginia,,,
Quay County,New Mexico,,,
Quebradillas Municipio,Puerto Rico,,,
Queen Anne's County,Maryland,,,
Quitman County,Georgia,,,
Quitman County,Mississippi,,,
Rabun County,Georgia,,,
Racine County,Wisconsin,2353,,
Radford city,Virginia,,,
Rains County,Texas,,,
Raleigh County,West Virginia,804,,
Ralls County,Missouri,,,
Ramsey County,Minnesota,75414,,
Ramsey County,North Dakota,,,
Randall County,Texas,1961,,
Randolph County,Alabama,,,
Randolph County,Arkansas,,,
Randolph County,Georgia,,,
Randolph County,Illinois,109,,
Randolph County,Indiana,,,
Randolph County,Missouri,,,
Randolph County,North Carolina,1607,,
Randolph County,West Virginia,150,,
Rankin County,Mississippi,1724,,
Ransom County,North Dakota,,,
Rapides Parish,Louisiana,2042,,
Rappahannock County,Virginia,,,
Ravalli County,Montana,,,
Rawlins County,Kansas,,,
Ray County,Missouri,,,
Reagan County,Texas,,,
Real County,Texas,,,
Red Lake County,Minnesota,,,
Red River County,Texas,,,
Red River Parish,Louisiana,,,
Red Willow County,Nebraska,,,
Redwood County,Minnesota,457,,
Reeves County,Texas,,,
Refugio County,Texas,,,
Reno County,Kansas,346,,
Rensselaer County,New York,4006,,
Renville County,Minnesota,,,
Renville County,North Dakota,,,
Republic County,Kansas,,,
Reynolds County,Missouri,,,
Rhea County,Tennessee,,,
Rice County,Kansas,,,
Rice County,Minnesota,1401,,
Rich County,Utah,,,
Richardson County,Nebraska,,,
Richland County,Illinois,,,
Richland County,Montana,,,
Richland County,North Dakota,,,
Richland County,Ohio,944,,
Richland County,South Carolina,10522,,
Richland County,Wisconsin,90,,
Richland Parish,Louisiana,,,
Richmond city,Virginia,4588,,
Richmond County,Georgia,3448,,
Richmond County,New York,40052,,
Richmond County,North Carolina,,,
Richmond County,Virginia,,,
Riley County,Kansas,3589,,
Rincón Municipio,Puerto Rico,,,
Ringgold County,Iowa,,,
Rio Arriba County,New Mexico,161,,
Rio Blanco County,Colorado,,,
Rio Grande County,Colorado,,,
Río Grande Municipio,Puerto Rico,,,
Ripley County,Indiana,,,
Ripley County,Missouri,,,
Ritchie County,West Virginia,,,
Riverside County,California,147447,,
Roane County,Tennessee,387,,
Roane County,West Virginia,,,
Roanoke city,Virginia,2974,,
Roanoke County,Virginia,2663,,
Roberts County,South Dakota,,,
Roberts County,Texas,,,
Robertson County,Kentucky,,,
Robertson County,Tennessee,353,,
Robertson County,Texas,,,
Robeson County,North Carolina,878,,
Rock County,Minnesota,94,,
Rock County,Nebraska,,,
Rock County,Wisconsin,1899,,
Rock Island County,Illinois,3498,,
Rockbridge County,Virginia,,,
Rockcastle County,Kentucky,,,
Rockdale County,Georgia,1748,,
Rockingham County,New Hampshire,5746,,
Rockingham County,North Carolina,511,,
Rockingham County,Virginia,601,,
Rockland County,New York,19686,,
Rockwall County,Texas,2170,,
Roger Mills County,Oklahoma,,,
Rogers County,Oklahoma,996,,
Rolette County,North Dakota,,,
Rooks County,Kansas,,,
Roosevelt County,Montana,,,
Roosevelt County,New Mexico,,,
Roscommon County,Michigan,,,
Roseau County,Minnesota,415,,
Rosebud County,Montana,,,
Ross County,Ohio,446,,
Routt County,Colorado,260,,
Rowan County,Kentucky,,,
Rowan County,North Carolina,1243,,
Runnels County,Texas,,,
Rush County,Indiana,,,
Rush County,Kansas,,,
Rusk County,Texas,,,
Rusk County,Wisconsin,,,
Russell County,Alabama,,,
Russell County,Kansas,,,
Russell County,Kentucky,83,,
Russell County,Virginia,,,
Rutherford County,North Carolina,306,,
Rutherford County,Tennessee,9229,,
Rutland County,Vermont,632,,
Sabana Grande Municipio,Puerto Rico,,,
Sabine County,Texas,,,
Sabine Parish,Louisiana,106,,
Sac County,Iowa,,,
Sacramento County,California,228471,,
Sagadahoc County,Maine,,,
Saginaw County,Michigan,2357,,
Saguache County,Colorado,,,
Salem city,Virginia,481,,
Salem County,New Jersey,600,,
Salinas Municipio,Puerto Rico,,,
Saline County,Arkansas,1303,,
Saline County,Illinois,176,,
Saline County,Kansas,1325,,
Saline County,Missouri,194,,
Saline County,Nebraska,411,,
Salt Lake County,Utah,43052,,
Saluda County,South Carolina,,,
Sampson County,North Carolina,343,,
San Augustine County,Texas,,,
San Benito County,California,1632,,
San Bernardino County,California,145363,,
San Diego County,California,378581,,
San Francisco County,California,294323,,
San Germán Municipio,Puerto Rico,,,
San Jacinto County,Texas,,,
San Joaquin County,California,108761,,
San Juan County,Colorado,,,
San Juan County,New Mexico,770,,
San Juan County,Utah,,,
San Juan County,Washington,212,,
San Juan Municipio,Puerto Rico,,,
San Lorenzo Municipio,Puerto Rico,,,
San Luis Obispo County,California,10096,,
San Mateo County,California,210075,,
San Miguel County,Colorado,,,
San Miguel County,New Mexico,,,
San Patricio County,Texas,676,,
San Saba County,Texas,,,
San Sebastián Municipio,Puerto Rico,,,
Sanborn County,South Dakota,,,
Sanders County,Montana,60,,
Sandoval County,New Mexico,2018,,
Sandusky County,Ohio,,,
Sangamon County,Illinois,3812,,
Sanilac County,Michigan,162,,
Sanpete County,Utah,,,
Santa Barbara County,California,23662,,
Santa Cruz County,Arizona,395,,
Santa Cruz County,California,12511,,
Santa Fe County,New Mexico,1855,,
Santa Isabel Municipio,Puerto Rico,,,
Santa Rosa County,Florida,3179,,
Sarasota County,Florida,6702,,
Saratoga County,New York,6384,,
Sargent County,North Dakota,,,
Sarpy County,Nebraska,4311,,
Sauk County,Wisconsin,432,,
Saunders County,Nebraska,,,
Sawyer County,Wisconsin,87,,
Schenectady County,New York,7275,,
Schleicher County,Texas,,,
Schley County,Georgia,,,
Schoharie County,New York,274,,
Schoolcraft County,Michigan,,,
Schuyler County,Illinois,,,
Schuyler County,Missouri,,,
Schuyler County,New York,,,
Schuylkill County,Pennsylvania,661,,
Scioto County,Ohio,308,,
Scotland County,Missouri,,,
Scotland County,North Carolina,,,
Scott County,Arkansas,375,,
Scott County,Illinois,,,
Scott County,Indiana,,,
Scott County,Iowa,4362,,
Scott County,Kansas,,,
Scott County,Kentucky,515,,
Scott County,Minnesota,8486,,
Scott County,Mississippi,,,
Scott County,Missouri,,,
Scott County,Tennessee,,,
Scott County,Virginia,,,
Scotts Bluff County,Nebraska,228,,
Screven County,Georgia,,,
Scurry County,Texas,,,
Searcy County,Arkansas,,,
Sebastian County,Arkansas,5486,,
Sedgwick County,Colorado,,,
Sedgwick County,Kansas,22093,,
Seminole County,Florida,19153,,
Seminole County,Georgia,,,
Seminole County,Oklahoma,,,
Seneca County,New York,245,,
Seneca County,Ohio,,,
Sequatchie County,Tennessee,,,
Sequoyah County,Oklahoma,268,,
Sevier County,Arkansas,,,
Sevier County,Tennessee,,,
Sevier County,Utah,,,
Seward County,Kansas,677,,
Seward County,Nebraska,105,,
Shackelford County,Texas,,,
Shannon County,Missouri,,,
Sharkey County,Mississippi,,,
Sharp County,Arkansas,,,
Shasta County,California,5301,,
Shawano County,Wisconsin,,,
Shawnee County,Kansas,2262,,
Sheboygan County,Wisconsin,6171,,
Shelby County,Alabama,3973,,
Shelby County,Illinois,81,,
Shelby County,Indiana,,,
Shelby County,Iowa,,,
Shelby County,Kentucky,345,,
Shelby County,Missouri,,,
Shelby County,Ohio,471,,
Shelby County,Tennessee,23491,,
Shelby County,Texas,,,
Shenandoah County,Virginia,,,
Sherburne County,Minnesota,1044,,
Sheridan County,Kansas,,,
Sheridan County,Montana,,,
Sheridan County,Nebraska,,,
Sheridan County,North Dakota,,,
Sheridan County,Wyoming,,,
Sherman County,Kansas,,,
Sherman County,Nebraska,,,
Sherman County,Oregon,,,
Sherman County,Texas,,,
Shiawassee County,Michigan,,,
Shoshone County,Idaho,,,
Sibley County,Minnesota,97,,
Sierra County,California,,,
Sierra County,New Mexico,,,
Silver Bow County,Montana,,,
Simpson County,Kentucky,,,
Simpson County,Mississippi,,,
Sioux County,Iowa,,,
Sioux County,Nebraska,,,
Sioux County,North Dakota,,,
Siskiyou County,California,682,,
Sitka City and Borough,Alaska,607,,
Skagit County,Washington,2084,,
Skagway Municipality,Alaska,,,
Skamania County,Washington,132,,
Slope County,North Dakota,,,
Smith County,Kansas,,,
Smith County,Mississippi,,,
Smith County,Tennessee,,,
Smith County,Texas,3488,,
Smyth County,Virginia,,,
Snohomish County,Washington,76774,,
Snyder County,Pennsylvania,297,,
Socorro County,New Mexico,,,
Solano County,California,65859,,
Somerset County,Maine,,,
Somerset County,Maryland,249,,
Somerset County,New Jersey,57062,,
Somerset County,Pennsylvania,,,
Somervell County,Texas,,,
Sonoma County,California,19535,,
Southampton County,Virginia,,,
Southeast Fairbanks Census Area,Alaska,132,,
Spalding County,Georgia,602,,
Spartanburg County,South Carolina,6683,,
Spencer County,Indiana,,,
Spencer County,Kentucky,,,
Spink County,South Dakota,,,
Spokane County,Washington,10963,,
Spotsylvania County,Virginia,3408,,
St. Bernard Parish,Louisiana,1104,,
St. Charles County,Missouri,9167,,
St. Charles Parish,Louisiana,567,,
St. Clair County,Alabama,711,,
St. Clair County,Illinois,3674,,
St. Clair County,Michigan,1089,,
St. Clair County,Missouri,,,
St. Croix County,Wisconsin,908,,
St. Francis County,Arkansas,,,
St. Francois County,Missouri,341,,
St. Helena Parish,Louisiana,,,
St. James Parish,Louisiana,,,
St. John the Baptist Parish,Louisiana,391,,
St. Johns County,Florida,5967,,
St. Joseph County,Indiana,5822,,
St. Joseph County,Michigan,,,
St. Landry Parish,Louisiana,,,
St. Lawrence County,New York,1183,,
St. Louis city,Missouri,9788,,
St. Louis County,Minnesota,2147,,
St. Louis County,Missouri,39633,,
St. Lucie County,Florida,5654,,
St. Martin Parish,Louisiana,537,,
St. Mary Parish,Louisiana,730,,
St. Mary's County,Maryland,2979,,
St. Tammany Parish,Louisiana,3875,,
Stafford County,Kansas,,,
Stafford County,Virginia,4327,,
Stanislaus County,California,29417,,
Stanley County,South Dakota,,,
Stanly County,North Carolina,1160,,
Stanton County,Kansas,,,
Stanton County,Nebraska,16,,
Stark County,Illinois,,,
Stark County,North Dakota,370,,
Stark County,Ohio,3050,,
Starke County,Indiana,,,
Starr County,Texas,,,
Staunton city,Virginia,,,
Ste. Genevieve County,Missouri,,,
Stearns County,Minnesota,3337,,
Steele County,Minnesota,,,
Steele County,North Dakota,,,
Stephens County,Georgia,,,
Stephens County,Oklahoma,297,,
Stephens County,Texas,,,
Stephenson County,Illinois,354,,
Sterling County,Texas,,,
Steuben County,Indiana,,,
Steuben County,New York,1462,,
Stevens County,Kansas,,,
Stevens County,Minnesota,,,
Stevens County,Washington,302,,
Stewart County,Georgia,,,
Stewart County,Tennessee,,,
Stillwater County,Montana,,,
Stoddard County,Missouri,,,
Stokes County,North Carolina,171,,
Stone County,Arkansas,,,
Stone County,Mississippi,,,
Stone County,Missouri,,,
Stonewall County,Texas,,,
Storey County,Nevada,,,
Story County,Iowa,7026,,
Strafford County,New Hampshire,4154,,
Stutsman County,North Dakota,,,
Sublette County,Wyoming,,,
Suffolk city,Virginia,1437,,
Suffolk County,Massachusetts,67500,,
Suffolk County,New York,57923,,
Sullivan County,Indiana,,,
Sullivan County,Missouri,27,,
Sullivan County,New Hampshire,,,
Sullivan County,New York,1211,,
Sullivan County,Pennsylvania,,,
Sullivan County,Tennessee,875,,
Sully County,South Dakota,,,
Summers County,West Virginia,,,
Summit County,Colorado,,,
Summit County,Ohio,16183,,
Summit County,Utah,653,,
Sumner County,Kansas,,,
Sumner County,Tennessee,2257,,
Sumter County,Alabama,,,
Sumter County,Florida,808,,
Sumter County,Georgia,,,
Sumter County,South Carolina,1215,,
Sunflower County,Mississippi,,,
Surry County,North Carolina,444,,
Surry County,Virginia,,,
Susquehanna County,Pennsylvania,160,,
Sussex County,Delaware,2581,,
Sussex County,New Jersey,2852,,
Sussex County,Virginia,,,
Sutter County,California,14539,,
Sutton County,Texas,,,
Suwannee County,Florida,,,
Swain County,North Carolina,,,
Sweet Grass County,Montana,,,
Sweetwater County,Wyoming,,,
Swift County,Minnesota,,,
Swisher County,Texas,,,
Switzerland County,Indiana,,,
Talbot County,Georgia,,,
Talbot County,Maryland,534,,
Taliaferro County,Georgia,,,
Talladega County,Alabama,446,,
Tallahatchie County,Mississippi,,,
Tallapoosa County,Alabama,,,
Tama County,Iowa,,,
Taney County,Missouri,,,
Tangipahoa Parish,Louisiana,955,,
Taos County,New Mexico,,,
Tarrant County,Texas,101414,,
Tate County,Mississippi,,,
Tattnall County,Georgia,,,
Taylor County,Florida,,,
Taylor County,Georgia,,,
Taylor County,Iowa,,,
Taylor County,Kentucky,,,
Taylor County,Texas,2583,,
Taylor County,West Virginia,,,
Taylor County,Wisconsin,,,
Tazewell County,Illinois,1291,,
Tazewell County,Virginia,,,
Tehama County,California,899,,
Telfair County,Georgia,,,
Teller County,Colorado,,,
Tensas Parish,Louisiana,,,
Terrebonne Parish,Louisiana,996,,
Terrell County,Georgia,,,
Terrell County,Texas,,,
Terry County,Texas,,,
Teton County,Idaho,,,
Teton County,Montana,,,
Teton County,Wyoming,,,
Texas County,Missouri,,,
Texas County,Oklahoma,637,,
Thayer County,Nebraska,,,
Thomas County,Georgia,,,
Thomas County,Kansas,,,
Thomas County,Nebraska,,,
Throckmorton County,Texas,,,
Thurston County,Nebraska,50,,
Thurston County,Washington,15146,,
Tift County,Georgia,,,
Tillamook County,Oregon,,,
Tillman County,Oklahoma,,,
Tioga County,New York,384,,
Tioga County,Pennsylvania,224,,
Tippah County,Mississippi,,,
Tippecanoe County,Indiana,14891,,
Tipton County,Indiana,,,
Tipton County,Tennessee,,,
Tishomingo County,Mississippi,,,
Titus County,Texas,,,
Toa Alta Municipio,Puerto Rico,,,
Toa Baja Municipio,Puerto Rico,,,
Todd County,Kentucky,,,
Todd County,Minnesota,,,
Todd County,South Dakota,,,
Tolland County,Connecticut,6705,,
Tom Green County,Texas,1277,,
Tompkins County,New York,10792,,
Tooele County,Utah,492,,
Toole County,Montana,,,
Toombs County,Georgia,249,,
Torrance County,New Mexico,,,
Towner County,North Dakota,,,
Towns County,Georgia,,,
Traill County,North Dakota,,,
Transylvania County,North Carolina,232,,
Traverse County,Minnesota,,,
Travis County,Texas,75295,,
Treasure County,Montana,,,
Trego County,Kansas,,,
Trempealeau County,Wisconsin,,,
Treutlen County,Georgia,,,
Trigg County,Kentucky,,,
Trimble County,Kentucky,,,
Trinity County,California,,,
Trinity County,Texas,,,
Tripp County,South Dakota,,,
Troup County,Georgia,1383,,
Trousdale County,Tennessee,,,
Trujillo Alto Municipio,Puerto Rico,,,
Trumbull County,Ohio,1001,,
Tucker County,West Virginia,,,
Tulare County,California,15987,,
Tulsa County,Oklahoma,19394,,
Tunica County,Mississippi,,,
Tuolumne County,California,,,
Turner County,Georgia,,,
Turner County,South Dakota,,,
Tuscaloosa County,Alabama,3135,,
Tuscarawas County,Ohio,,,
Tuscola County,Michigan,,,
Twiggs County,Georgia,,,
Twin Falls County,Idaho,1491,,
Tyler County,Texas,,,
Tyler County,West Virginia,,,
Tyrrell County,North Carolina,,,
Uinta County,Wyoming,,,
Uintah County,Utah,,,
Ulster County,New York,3807,,
Umatilla County,Oregon,597,,
Unicoi County,Tennessee,,,
Union County,Arkansas,,,
Union County,Florida,,,
Union County,Georgia,155,,
Union County,Illinois,,,
Union County,Indiana,,,
Union County,Iowa,,,
Union County,Kentucky,,,
Union County,Mississippi,261,,
Union County,New Jersey,27725,,
Union County,New Mexico,,,
Union County,North Carolina,5392,,
Union County,Ohio,1749,,
Union County,Oregon,,,
Union County,Pennsylvania,731,,
Union County,South Carolina,,,
Union County,South Dakota,154,,
Union County,Tennessee,,,
Union Parish,Louisiana,,,
Upshur County,Texas,,,
Upshur County,West Virginia,,,
Upson County,Georgia,,,
Upton County,Texas,,,
Utah County,Utah,8547,,
Utuado Municipio,Puerto Rico,,,
Uvalde County,Texas,,,
Val Verde County,Texas,267,,
Valdez-Cordova Census Area,Alaska,,,
Valencia County,New Mexico,,,
Valley County,Idaho,,,
Valley County,Montana,,,
Valley County,Nebraska,,,
Van Buren County,Arkansas,,,
Van Buren County,Iowa,,,
Van Buren County,Michigan,476,,
Van Buren County,Tennessee,,,
Van Wert County,Ohio,,,
Van Zandt County,Texas,248,,
Vance County,North Carolina,226,,
Vanderburgh County,Indiana,2246,,
Vega Alta Municipio,Puerto Rico,,,
Vega Baja Municipio,Puerto Rico,,,
Venango County,Pennsylvania,196,,
Ventura County,California,60636,,
Vermilion County,Illinois,691,,
Vermilion Parish,Louisiana,1312,,
Vermillion County,Indiana,,,
Vernon County,Missouri,127,,
Vernon County,Wisconsin,,,
Vernon Parish,Louisiana,875,,
Victoria County,Texas,992,,
Vieques Municipio,Puerto Rico,,,
Vigo County,Indiana,2013,,
Vilas County,Wisconsin,124,,
Villalba Municipio,Puerto Rico,,,
Vinton County,Ohio,,,
Virginia Beach city,Virginia,28943,,
Volusia County,Florida,9306,,
Wabash County,Illinois,,,
Wabash County,Indiana,,,
Wabasha County,Minnesota,,,
Wabaunsee County,Kansas,,,
Wadena County,Minnesota,,,
Wagoner County,Oklahoma,1060,,
Wahkiakum County,Washington,,,
Wake County,North Carolina,66097,,
Wakulla County,Florida,,,
Waldo County,Maine,,,
Walker County,Alabama,306,,
Walker County,Georgia,421,,
Walker County,Texas,836,,
Walla Walla County,Washington,897,,
Wallace County,Kansas,,,
Waller County,Texas,409,,
Wallowa County,Oregon,,,
Walsh County,North Dakota,,,
Walthall County,Mississippi,,,
Walton County,Florida,801,,
Walton County,Georgia,1090,,
Walworth County,South Dakota,,,
Walworth County,Wisconsin,1003,,
Wapello County,Iowa,322,,
Ward County,North Dakota,990,,
Ward County,Texas,,,
Ware County,Georgia,400,,
Warren County,Georgia,,,
Warren County,Illinois,404,,
Warren County,Indiana,,,
Warren County,Iowa,,,
Warren County,Kentucky,4132,,
Warren County,Mississippi,,,
Warren County,Missouri,,,
Warren County,New Jersey,3077,,
Warren County,New York,646,,
Warren County,North Carolina,,,
Warren County,Ohio,11619,,
Warren County,Pennsylvania,209,,
Warren County,Tennessee,231,,
Warren County,Virginia,464,,
Warrick County,Indiana,1519,,
Wasatch County,Utah,,,
Wasco County,Oregon,,,
Waseca County,Minnesota,,,
Washakie County,Wyoming,,,
Washburn County,Wisconsin,,,
Washington County,Alabama,,,
Washington County,Arkansas,5462,,
Washington County,Colorado,,,
Washington County,Florida,,,
Washington County,Georgia,126,,
Washington County,Idaho,,,
Washington County,Illinois,,,
Washington County,Indiana,,,
Washington County,Iowa,,,
Washington County,Kansas,,,
Washington County,Kentucky,,,
Washington County,Maine,145,,
Washington County,Maryland,2586,,
Washington County,Minnesota,13354,,
Washington County,Mississippi,310,,
Washington County,Missouri,,,
Washington County,Nebraska,,,
Washington County,New York,329,,
Washington County,North Carolina,,,
Washington County,Ohio,367,,
Washington County,Oklahoma,1001,,
Washington County,Oregon,56072,,
Washington County,Pennsylvania,2010,,
Washington County,Rhode Island,2465,,
Washington County,Tennessee,2005,,
Washington County,Texas,623,,
Washington County,Utah,1056,,
Washington County,Vermont,389,,
Washington County,Virginia,314,,
Washington County,Wisconsin,1571,,
Washington Parish,Louisiana,,,
Washita County,Oklahoma,,,
Washoe County,Nevada,23782,,
Washtenaw County,Michigan,31471,,
Watauga County,North Carolina,407,,
Watonwan County,Minnesota,106,,
Waukesha County,Wisconsin,12853,,
Waupaca County,Wisconsin,,,
Waushara County,Wisconsin,,,
Wayne County,Georgia,,,
Wayne County,Illinois,,,
Wayne County,Indiana,664,,
Wayne County,Iowa,,,
Wayne County,Kentucky,,,
Wayne County,Michigan,54977,,
Wayne County,Mississippi,,,
Wayne County,Missouri,,,
Wayne County,Nebraska,,,
Wayne County,New York,620,,
Wayne County,North Carolina,1386,,
Wayne County,Ohio,1134,,
Wayne County,Pennsylvania,258,,
Wayne County,Tennessee,,,
Wayne County,Utah,,,
Wayne County,West Virginia,,,
Waynesboro city,Virginia,,,
Weakley County,Tennessee,,,
Webb County,Texas,1407,,
Weber County,Utah,2839,,
Webster County,Georgia,,,
Webster County,Iowa,473,,
Webster County,Kentucky,,,
Webster County,Mississippi,,,
Webster County,Missouri,,,
Webster County,Nebraska,,,
Webster County,West Virginia,,,
Webster Parish,Louisiana,,,
Weld County,Colorado,3869,,
Wells County,Indiana,,,
Wells County,North Dakota,,,
West Baton Rouge Parish,Louisiana,,,
West Carroll Parish,Louisiana,,,
West Feliciana Parish,Louisiana,,,
Westchester County,New York,57449,,
Westmoreland County,Pennsylvania,3093,,
Westmoreland County,Virginia,,,
Weston County,Wyoming,,,
Wetzel County,West Virginia,,,
Wexford County,Michigan,232,,
Wharton County,Texas,,,
Whatcom County,Washington,8625,,
Wheatland County,Montana,,,
Wheeler County,Georgia,,,
Wheeler County,Nebraska,,,
Wheeler County,Oregon,,,
Wheeler County,Texas,,,
White County,Arkansas,531,,
White County,Georgia,151,,
White County,Illinois,,,
White County,Indiana,,,
White County,Tennessee,,,
White Pine County,Nevada,,,
Whiteside County,Illinois,,,
Whitfield County,Georgia,1439,,
Whitley County,Indiana,,,
Whitley County,Kentucky,,,
Whitman County,Washington,3773,,
Wibaux County,Montana,,,
Wichita County,Kansas,,,
Wichita County,Texas,2342,,
Wicomico County,Maryland,3336,,
Wilbarger County,Texas,,,
Wilcox County,Alabama,,,
Wilcox County,Georgia,,,
Wilkes County,Georgia,79,,
Wilkes County,North Carolina,354,,
Wilkin County,Minnesota,,,
Wilkinson County,Georgia,,,
Wilkinson County,Mississippi,,,
Will County,Illinois,35960,,
Willacy County,Texas,,,
Williams County,North Dakota,,,
Williams County,Ohio,226,,
Williamsburg city,Virginia,858,,
Williamsburg County,South Carolina,152,,
Williamson County,Illinois,684,,
Williamson County,Tennessee,8507,,
Williamson County,Texas,30803,,
Wilson County,Kansas,62,,
Wilson County,North Carolina,,,
Wilson County,Tennessee,1974,,
Wilson County,Texas,,,
Winchester city,Virginia,,,
Windham County,Connecticut,1560,,
Windham County,Vermont,441,,
Windsor County,Vermont,426,,
Winkler County,Texas,,,
Winn Parish,Louisiana,,,
Winnebago County,Illinois,7305,,
Winnebago County,Iowa,129,,
Winnebago County,Wisconsin,4362,,
Winneshiek County,Iowa,,,
Winona County,Minnesota,1371,,
Winston County,Alabama,,,
Winston County,Mississippi,,,
Wirt County,West Virginia,,,
Wise County,Texas,,,
Wise County,Virginia,166,,
Wolfe County,Kentucky,,,
Wood County,Ohio,2156,,
Wood County,Texas,,,
Wood County,West Virginia,,,
Wood County,Wisconsin,1482,,
Woodbury County,Iowa,2891,,
Woodford County,Illinois,305,,
Woodford County,Kentucky,,,
Woodruff County,Arkansas,,,
Woods County,Oklahoma,,,
Woodson County,Kansas,,,
Woodward County,Oklahoma,,,
Worcester County,Maryland,689,,
Worcester County,Massachusetts,38467,,
Worth County,Georgia,,,
Worth County,Iowa,,,
Worth County,Missouri,,,
Wrangell City and Borough,Alaska,,,
Wright County,Iowa,,,
Wright County,Minnesota,1520,,
Wright County,Missouri,,,
Wyandot County,Ohio,,,
Wyandotte County,Kansas,6325,,
Wyoming County,New York,,,
Wyoming County,Pennsylvania,,,
Wyoming County,West Virginia,,,
Wythe County,Virginia,215,,
Yabucoa Municipio,Puerto Rico,,,
Yadkin County,North Carolina,,,
Yakima County,Washington,2472,,
Yakutat City and Borough,Alaska,,,
Yalobusha County,Mississippi,,,
Yamhill County,Oregon,1416,,
Yancey County,North Carolina,,,
Yankton County,South Dakota,,,
Yates County,New York,160,,
Yauco Municipio,Puerto Rico,,,
Yavapai County,Arizona,2099,,
Yazoo County,Mississippi,,,
Yell County,Arkansas,333,,
Yellow Medicine County,Minnesota,60,,
Yellowstone County,Montana,960,,
Yoakum County,Texas,,,
Yolo County,California,29105,,
York County,Maine,2399,,
York County,Nebraska,,,
York County,Pennsylvania,6338,,
York County,South Carolina,4759,,
York County,Virginia,3542,,
Young County,Texas,,,
Yuba County,California,4687,,
Yukon-Koyukuk Census Area,Alaska,,,
Yuma County,Arizona,2535,,
Yuma County,Colorado,,,
Zapata County,Texas,,,
Zavala County,Texas,,,
Ziebach County,South Dakota,,,